date ,departure_city,departure_airport,arrival_city,stops,prices,flight_duration,arrival_airport,departure_time,arrival_time
12/19/2024,YTZ,Toronto Island,EWR,0,227,90,Newark,12:00 PM,1:30 PM
12/19/2024,YTZ,Toronto Island,EWR,0,227,90,Newark,3:00 PM,4:30 PM
12/19/2024,YTZ,Toronto Island,EWR,0,227,90,Newark,2:00 PM,3:30 PM
12/19/2024,YTZ,Toronto Island,EWR,0,227,90,Newark,5:10 PM,6:40 PM
12/19/2024,YTZ,Toronto Island,EWR,0,227,90,Newark,7:25 PM,8:55 PM
12/19/2024,YTZ,Toronto Island,EWR,0,227,90,Newark,8:50 AM,10:20 AM
12/19/2024,YTZ,Toronto Island,EWR,0,227,90,Newark,10:00 AM,11:30 AM
12/19/2024,YTZ,Toronto Island,EWR,0,227,90,Newark,6:20 PM,7:50 PM
12/19/2024,YTZ,Toronto Island,EWR,0,227,90,Newark,6:45 AM,8:15 AM
12/19/2024,YYZ,Pearson Intl,JFK,0,233,91,John F Kennedy Intl,8:50 PM,10:21 PM
12/19/2024,YYZ,Pearson Intl,LGA,0,233,96,LaGuardia,4:20 PM,5:56 PM
12/19/2024,YYZ,Pearson Intl,LGA,0,233,96,LaGuardia,8:55 PM,10:31 PM
12/19/2024,YYZ,Pearson Intl,LGA,0,233,96,LaGuardia,6:15 AM,7:51 AM
12/19/2024,YYZ,Pearson Intl,LGA,0,233,96,LaGuardia,6:15 PM,7:51 PM
12/20/2024,YTZ,Toronto Island,EWR,0,227,90,Newark,6:45 AM,8:15 AM
12/20/2024,YTZ,Toronto Island,EWR,0,227,90,Newark,10:00 AM,11:30 AM
12/20/2024,YTZ,Toronto Island,EWR,0,227,90,Newark,6:20 PM,7:50 PM
12/20/2024,YTZ,Toronto Island,EWR,0,227,90,Newark,2:00 PM,3:30 PM
12/20/2024,YTZ,Toronto Island,EWR,0,227,90,Newark,8:50 AM,10:20 AM
12/20/2024,YTZ,Toronto Island,EWR,0,227,90,Newark,5:10 PM,6:40 PM
12/20/2024,YTZ,Toronto Island,EWR,0,227,90,Newark,7:25 PM,8:55 PM
12/20/2024,YTZ,Toronto Island,EWR,0,227,90,Newark,3:00 PM,4:30 PM
12/20/2024,YTZ,Toronto Island,EWR,0,227,90,Newark,12:00 PM,1:30 PM
12/20/2024,YYZ,Pearson Intl,JFK,0,233,91,John F Kennedy Intl,8:50 PM,10:21 PM
12/20/2024,YYZ,Pearson Intl,JFK,0,233,91,John F Kennedy Intl,8:50 PM,10:21 PM
12/20/2024,YYZ,Pearson Intl,LGA,0,233,96,LaGuardia,6:15 PM,7:51 PM
12/20/2024,YYZ,Pearson Intl,LGA,0,233,96,LaGuardia,8:55 PM,10:31 PM
12/20/2024,YYZ,Pearson Intl,LGA,0,233,96,LaGuardia,4:20 PM,5:56 PM
12/21/2024,YTZ,Toronto Island,EWR,0,227,90,Newark,5:10 PM,6:40 PM
12/21/2024,YTZ,Toronto Island,EWR,0,227,90,Newark,2:00 PM,3:30 PM
12/21/2024,YTZ,Toronto Island,EWR,0,227,90,Newark,9:00 AM,10:30 AM
12/21/2024,YTZ,Toronto Island,EWR,0,227,90,Newark,12:00 PM,1:30 PM
12/21/2024,YTZ,Toronto Island,EWR,0,227,90,Newark,3:00 PM,4:30 PM
12/21/2024,YYZ,Pearson Intl,JFK,0,233,91,John F Kennedy Intl,8:50 PM,10:21 PM
12/21/2024,YYZ,Pearson Intl,LGA,0,233,96,LaGuardia,5:15 PM,6:51 PM
12/21/2024,YYZ,Pearson Intl,LGA,0,233,96,LaGuardia,8:55 PM,10:31 PM
12/21/2024,YYZ,Pearson Intl,LGA,0,233,96,LaGuardia,6:15 PM,7:51 PM
12/21/2024,YYZ,Pearson Intl,LGA,0,233,96,LaGuardia,1:15 PM,2:51 PM
12/21/2024,YYZ,Pearson Intl,LGA,0,233,96,LaGuardia,7:40 AM,9:16 AM
12/21/2024,YYZ,Pearson Intl,LGA,0,233,96,LaGuardia,2:20 PM,3:56 PM
12/21/2024,YYZ,Pearson Intl,LGA,0,233,96,LaGuardia,4:20 PM,5:56 PM
12/21/2024,YYZ,Pearson Intl,LGA,0,233,96,LaGuardia,6:15 AM,7:51 AM
12/22/2024,YTZ,Toronto Island,EWR,0,227,90,Newark,7:25 PM,8:55 PM
12/22/2024,YTZ,Toronto Island,EWR,0,227,90,Newark,8:50 AM,10:20 AM
12/22/2024,YTZ,Toronto Island,EWR,0,227,90,Newark,10:00 AM,11:30 AM
12/22/2024,YTZ,Toronto Island,EWR,0,227,90,Newark,2:00 PM,3:30 PM
12/22/2024,YTZ,Toronto Island,EWR,0,227,90,Newark,3:00 PM,4:30 PM
12/22/2024,YTZ,Toronto Island,EWR,0,227,90,Newark,6:20 PM,7:50 PM
12/22/2024,YTZ,Toronto Island,EWR,0,227,90,Newark,5:10 PM,6:40 PM
12/22/2024,YTZ,Toronto Island,EWR,0,227,90,Newark,12:00 PM,1:30 PM
12/22/2024,YYZ,Pearson Intl,LGA,0,233,96,LaGuardia,6:15 AM,7:51 AM
12/22/2024,YTZ,Toronto Island,EWR,1,233,365,Newark,11:35 AM,5:40 PM
12/22/2024,YYZ,Pearson Intl,LGA,1,240,211,LaGuardia,6:00 AM,9:31 AM
12/22/2024,YYZ,Pearson Intl,LGA,1,240,262,LaGuardia,6:00 AM,10:22 AM
12/22/2024,YYZ,Pearson Intl,LGA,1,240,376,LaGuardia,10:19 AM,4:35 PM
12/22/2024,YYZ,Pearson Intl,LGA,1,240,380,LaGuardia,2:50 PM,9:10 PM
12/23/2024,YTZ,Toronto Island,EWR,0,227,90,Newark,2:00 PM,3:30 PM
12/23/2024,YTZ,Toronto Island,EWR,0,227,90,Newark,10:00 AM,11:30 AM
12/23/2024,YTZ,Toronto Island,EWR,0,227,90,Newark,6:20 PM,7:50 PM
12/23/2024,YTZ,Toronto Island,EWR,0,227,90,Newark,7:25 PM,8:55 PM
12/23/2024,YTZ,Toronto Island,EWR,0,227,90,Newark,12:00 PM,1:30 PM
12/23/2024,YTZ,Toronto Island,EWR,0,227,90,Newark,8:50 AM,10:20 AM
12/23/2024,YTZ,Toronto Island,EWR,0,227,90,Newark,3:00 PM,4:30 PM
12/23/2024,YTZ,Toronto Island,EWR,0,227,90,Newark,5:10 PM,6:40 PM
12/23/2024,YTZ,Toronto Island,EWR,0,227,90,Newark,6:45 AM,8:15 AM
12/23/2024,YTZ,Toronto Island,EWR,1,233,210,Newark,2:10 PM,5:40 PM
12/23/2024,YYZ,Pearson Intl,LGA,1,240,217,LaGuardia,2:50 PM,6:27 PM
12/23/2024,YYZ,Pearson Intl,LGA,1,240,222,LaGuardia,7:40 PM,11:22 PM
12/23/2024,YYZ,Pearson Intl,LGA,1,240,262,LaGuardia,6:00 AM,10:22 AM
12/23/2024,YYZ,Pearson Intl,LGA,1,240,276,LaGuardia,2:50 PM,7:26 PM
12/24/2024,YTZ,Toronto Island,EWR,0,227,90,Newark,5:10 PM,6:40 PM
12/24/2024,YTZ,Toronto Island,EWR,0,227,90,Newark,6:20 PM,7:50 PM
12/24/2024,YTZ,Toronto Island,EWR,0,227,90,Newark,10:00 AM,11:30 AM
12/24/2024,YTZ,Toronto Island,EWR,0,227,90,Newark,2:00 PM,3:30 PM
12/24/2024,YTZ,Toronto Island,EWR,0,227,90,Newark,8:50 AM,10:20 AM
12/24/2024,YTZ,Toronto Island,EWR,0,227,90,Newark,3:00 PM,4:30 PM
12/24/2024,YTZ,Toronto Island,EWR,0,227,90,Newark,7:25 PM,8:55 PM
12/24/2024,YTZ,Toronto Island,EWR,0,227,90,Newark,12:00 PM,1:30 PM
12/24/2024,YTZ,Toronto Island,EWR,0,227,90,Newark,6:45 AM,8:15 AM
12/24/2024,YYZ,Pearson Intl,JFK,0,233,91,John F Kennedy Intl,8:50 PM,10:21 PM
12/24/2024,YYZ,Pearson Intl,LGA,0,233,96,LaGuardia,4:20 PM,5:56 PM
12/24/2024,YYZ,Pearson Intl,LGA,0,233,96,LaGuardia,6:15 AM,7:51 AM
12/24/2024,YYZ,Pearson Intl,LGA,0,233,96,LaGuardia,1:15 PM,2:51 PM
12/24/2024,YYZ,Pearson Intl,LGA,0,233,96,LaGuardia,4:20 PM,5:56 PM
12/25/2024,YTZ,Toronto Island,EWR,0,227,90,Newark,5:10 PM,6:40 PM
12/25/2024,YTZ,Toronto Island,EWR,0,227,90,Newark,8:50 AM,10:20 AM
12/25/2024,YTZ,Toronto Island,EWR,0,227,90,Newark,10:00 AM,11:30 AM
12/25/2024,YTZ,Toronto Island,EWR,0,227,90,Newark,3:00 PM,4:30 PM
12/25/2024,YTZ,Toronto Island,EWR,0,227,90,Newark,6:45 AM,8:15 AM
12/25/2024,YTZ,Toronto Island,EWR,0,227,90,Newark,2:00 PM,3:30 PM
12/25/2024,YTZ,Toronto Island,EWR,0,227,90,Newark,7:25 PM,8:55 PM
12/25/2024,YTZ,Toronto Island,EWR,0,227,90,Newark,12:00 PM,1:30 PM
12/25/2024,YTZ,Toronto Island,EWR,0,227,90,Newark,6:20 PM,7:50 PM
12/25/2024,YYZ,Pearson Intl,JFK,0,233,91,John F Kennedy Intl,8:50 PM,10:21 PM
12/25/2024,YYZ,Pearson Intl,LGA,0,233,96,LaGuardia,6:15 AM,7:51 AM
12/25/2024,YYZ,Pearson Intl,LGA,0,233,96,LaGuardia,5:15 PM,6:51 PM
12/25/2024,YYZ,Pearson Intl,LGA,0,233,96,LaGuardia,1:15 PM,2:51 PM
12/25/2024,YYZ,Pearson Intl,LGA,0,233,96,LaGuardia,6:15 AM,7:51 AM
12/26/2024,YTZ,Toronto Island,EWR,0,227,90,Newark,2:00 PM,3:30 PM
12/26/2024,YTZ,Toronto Island,EWR,0,227,90,Newark,3:00 PM,4:30 PM
12/26/2024,YTZ,Toronto Island,EWR,0,227,90,Newark,7:25 PM,8:55 PM
12/26/2024,YTZ,Toronto Island,EWR,0,227,90,Newark,8:50 AM,10:20 AM
12/26/2024,YTZ,Toronto Island,EWR,0,227,90,Newark,5:10 PM,6:40 PM
12/26/2024,YTZ,Toronto Island,EWR,0,227,90,Newark,10:00 AM,11:30 AM
12/26/2024,YTZ,Toronto Island,EWR,0,227,90,Newark,6:45 AM,8:15 AM
12/26/2024,YTZ,Toronto Island,EWR,0,227,90,Newark,12:00 PM,1:30 PM
12/26/2024,YTZ,Toronto Island,EWR,0,227,90,Newark,6:20 PM,7:50 PM
12/26/2024,YTZ,Toronto Island,EWR,1,233,210,Newark,2:10 PM,5:40 PM
12/26/2024,YYZ,Pearson Intl,EWR,0,268,96,Newark,9:10 PM,10:46 PM
12/26/2024,YYZ,Pearson Intl,EWR,0,268,96,Newark,6:40 AM,8:16 AM
12/26/2024,YYZ,Pearson Intl,EWR,0,268,96,Newark,9:10 PM,10:46 PM
12/26/2024,YYZ,Pearson Intl,EWR,0,268,102,Newark,6:15 AM,7:57 AM
12/27/2024,YTZ,Toronto Island,EWR,0,227,90,Newark,7:25 PM,8:55 PM
12/27/2024,YTZ,Toronto Island,EWR,0,227,90,Newark,8:50 AM,10:20 AM
12/27/2024,YTZ,Toronto Island,EWR,0,227,90,Newark,6:45 AM,8:15 AM
12/27/2024,YTZ,Toronto Island,EWR,0,227,90,Newark,2:00 PM,3:30 PM
12/27/2024,YTZ,Toronto Island,EWR,0,227,90,Newark,10:00 AM,11:30 AM
12/27/2024,YTZ,Toronto Island,EWR,0,227,90,Newark,3:00 PM,4:30 PM
12/27/2024,YTZ,Toronto Island,EWR,0,227,90,Newark,5:10 PM,6:40 PM
12/27/2024,YTZ,Toronto Island,EWR,0,227,90,Newark,12:00 PM,1:30 PM
12/27/2024,YTZ,Toronto Island,EWR,0,227,90,Newark,6:20 PM,7:50 PM
12/27/2024,YTZ,Toronto Island,EWR,1,233,210,Newark,2:10 PM,5:40 PM
12/27/2024,YYZ,Pearson Intl,JFK,0,249,122,John F Kennedy Intl,8:30 AM,10:32 AM
12/27/2024,YYZ,Pearson Intl,EWR,0,268,96,Newark,6:40 AM,8:16 AM
12/27/2024,YYZ,Pearson Intl,EWR,0,268,96,Newark,9:10 PM,10:46 PM
12/27/2024,YYZ,Pearson Intl,EWR,0,268,96,Newark,7:10 PM,8:46 PM
12/28/2024,YTZ,Toronto Island,EWR,0,227,90,Newark,12:00 PM,1:30 PM
12/28/2024,YTZ,Toronto Island,EWR,0,227,90,Newark,3:00 PM,4:30 PM
12/28/2024,YTZ,Toronto Island,EWR,0,227,90,Newark,9:00 AM,10:30 AM
12/28/2024,YTZ,Toronto Island,EWR,0,227,90,Newark,2:00 PM,3:30 PM
12/28/2024,YTZ,Toronto Island,EWR,0,227,90,Newark,5:10 PM,6:40 PM
12/28/2024,YYZ,Pearson Intl,JFK,0,233,91,John F Kennedy Intl,8:50 PM,10:21 PM
12/28/2024,YYZ,Pearson Intl,JFK,0,233,91,John F Kennedy Intl,8:50 PM,10:21 PM
12/28/2024,YYZ,Pearson Intl,EWR,1,240,245,Newark,7:25 AM,11:30 AM
12/28/2024,YYZ,Pearson Intl,LGA,0,248,96,LaGuardia,4:20 PM,5:56 PM
12/28/2024,YYZ,Pearson Intl,LGA,0,248,96,LaGuardia,6:15 AM,7:51 AM
12/28/2024,YYZ,Pearson Intl,LGA,0,248,96,LaGuardia,6:15 PM,7:51 PM
12/28/2024,YYZ,Pearson Intl,LGA,0,248,96,LaGuardia,6:15 AM,7:51 AM
12/28/2024,YYZ,Pearson Intl,EWR,0,268,96,Newark,6:40 AM,8:16 AM
12/28/2024,YYZ,Pearson Intl,EWR,0,268,96,Newark,4:40 PM,6:16 PM
3/17/2024,YTO,Union Station,NYC,,181,90,Port Authority,9:00 PM,7:55 am+1
3/17/2024,YTZ,Toronto Island,EWR,,258,106,Newark,7:25 PM,8:55 PM
3/17/2024,YYZ,Pearson Intl,JFK,0,259,111,John F Kennedy Intl,10:05 AM,11:51 AM
3/17/2024,YYZ,Pearson Intl,LGA,0,259,127,LaGuardia,5:05 PM,6:56 PM
3/17/2024,YYZ,Pearson Intl,JFK,0,259,90,John F Kennedy Intl,6:00 AM,8:07 AM
3/17/2024,YTZ,Toronto Island,EWR,0,260,90,Newark,8:50 AM,10:20 AM
3/17/2024,YTZ,Toronto Island,EWR,0,260,90,Newark,2:00 PM,3:30 PM
3/17/2024,YTZ,Toronto Island,EWR,0,260,90,Newark,12:00 PM,1:30 PM
3/17/2024,YTZ,Toronto Island,EWR,0,260,90,Newark,6:20 PM,7:50 PM
3/17/2024,YTZ,Toronto Island,EWR,0,260,365,Newark,3:00 PM,4:30 PM
3/17/2024,YTZ,Toronto Island,EWR,0,262,95,Newark,11:35 AM,5:40 PM
3/17/2024,YYZ,Pearson Intl,LGA,1,264,99,LaGuardia,6:54 AM,8:29 AM
3/17/2024,YYZ,Pearson Intl,LGA,0,264,99,LaGuardia,10:51 AM,12:30 PM
3/17/2024,YYZ,Pearson Intl,LGA,0,264,102,LaGuardia,7:42 PM,9:21 PM
3/17/2024,YYZ,Pearson Intl,JFK,0,264,103,John F Kennedy Intl,10:29 AM,12:11 PM
3/17/2024,YYZ,Pearson Intl,JFK,0,264,401,John F Kennedy Intl,7:30 AM,9:13 AM
3/17/2024,YYZ,Pearson Intl,LGA,0,267,90,LaGuardia,2:45 PM,9:26 PM
3/17/2024,YTZ,Toronto Island,EWR,1,275,90,Newark,5:10 PM,6:40 PM
3/17/2024,YTZ,Toronto Island,EWR,0,284,91,Newark,10:00 AM,11:30 AM
3/17/2024,YYZ,Pearson Intl,JFK,0,296,91,John F Kennedy Intl,8:55 PM,10:26 PM
3/17/2024,YYZ,Pearson Intl,JFK,0,296,91,John F Kennedy Intl,1:40 PM,3:11 PM
3/17/2024,YYZ,Pearson Intl,JFK,0,296,95,John F Kennedy Intl,8:55 PM,10:26 PM
3/17/2024,YYZ,Pearson Intl,EWR,0,296,95,Newark,6:25 PM,8:00 PM
3/17/2024,YYZ,Pearson Intl,EWR,0,296,95,Newark,12:00 PM,1:35 PM
3/17/2024,YYZ,Pearson Intl,EWR,0,296,95,Newark,8:10 AM,9:45 AM
3/17/2024,YYZ,Pearson Intl,EWR,0,296,95,Newark,4:25 PM,6:00 PM
3/17/2024,YYZ,Pearson Intl,EWR,0,296,96,Newark,9:00 PM,10:35 PM
3/17/2024,YYZ,Pearson Intl,EWR,0,296,96,Newark,8:40 AM,10:16 AM
3/17/2024,YYZ,Pearson Intl,EWR,0,296,96,Newark,11:40 AM,1:16 PM
3/17/2024,YYZ,Pearson Intl,LGA,0,296,96,LaGuardia,5:15 PM,6:51 PM
3/17/2024,YYZ,Pearson Intl,LGA,0,296,96,LaGuardia,8:55 PM,10:31 PM
3/17/2024,YYZ,Pearson Intl,LGA,0,296,100,LaGuardia,6:15 PM,7:51 PM
3/17/2024,YYZ,Pearson Intl,EWR,0,296,100,Newark,6:40 AM,8:20 AM
3/17/2024,YYZ,Pearson Intl,EWR,0,296,100,Newark,9:10 PM,10:50 PM
3/17/2024,YYZ,Pearson Intl,EWR,0,296,104,Newark,7:10 PM,8:50 PM
3/17/2024,YYZ,Pearson Intl,LGA,0,296,104,LaGuardia,6:15 AM,7:59 AM
3/17/2024,YYZ,Pearson Intl,LGA,0,296,107,LaGuardia,6:15 AM,7:59 AM
3/17/2024,YYZ,Pearson Intl,EWR,0,296,109,Newark,4:40 PM,6:27 PM
3/17/2024,YYZ,Pearson Intl,EWR,0,296,109,Newark,7:30 AM,9:19 AM
3/17/2024,YYZ,Pearson Intl,EWR,0,296,109,Newark,6:40 PM,8:29 PM
3/17/2024,YYZ,Pearson Intl,EWR,0,296,109,Newark,9:30 AM,11:19 AM
3/17/2024,YYZ,Pearson Intl,EWR,0,296,109,Newark,3:30 PM,5:19 PM
3/17/2024,YYZ,Pearson Intl,EWR,0,296,109,Newark,5:40 PM,7:29 PM
3/17/2024,YYZ,Pearson Intl,EWR,0,296,109,Newark,5:40 PM,7:29 PM
3/17/2024,YYZ,Pearson Intl,EWR,0,296,109,Newark,7:30 AM,9:19 AM
3/17/2024,YYZ,Pearson Intl,EWR,0,296,109,Newark,3:30 PM,5:19 PM
3/17/2024,YYZ,Pearson Intl,EWR,0,296,109,Newark,6:40 PM,8:29 PM
3/17/2024,YYZ,Pearson Intl,EWR,0,296,295,Newark,9:30 AM,11:19 AM
3/17/2024,YYZ,Pearson Intl,EWR,0,303,358,Newark,4:50 PM,9:45 PM
3/17/2024,YYZ,Pearson Intl,EWR,1,303,395,Newark,7:30 AM,1:28 PM
3/17/2024,YYZ,Pearson Intl,EWR,1,303,420,Newark,10:00 AM,4:35 PM
3/17/2024,YYZ,Pearson Intl,EWR,1,303,433,Newark,2:45 PM,9:45 PM
3/17/2024,YYZ,Pearson Intl,EWR,1,303,405,Newark,6:15 AM,1:28 PM
3/17/2024,YYZ,Pearson Intl,EWR,1,305,400,Newark,6:10 PM,12:55 am+1
3/17/2024,YYZ,Pearson Intl,EWR,1,309,419,Newark,11:00 AM,5:40 PM
3/17/2024,YYZ,Pearson Intl,EWR,1,311,96,Newark,6:15 AM,1:14 PM
3/17/2024,YYZ,Pearson Intl,LGA,1,314,96,LaGuardia,7:15 PM,8:51 PM
3/17/2024,YYZ,Pearson Intl,LGA,0,314,110,LaGuardia,11:45 AM,1:21 PM
3/18/2024,YTO,Union Station,NYC,,133,90,Port Authority,7:30 AM,9:00 PM
3/18/2024,YTZ,Toronto Island,EWR,,267,90,Newark,2:00 PM,3:30 PM
3/18/2024,YTZ,Toronto Island,EWR,0,267,90,Newark,3:00 PM,4:30 PM
3/18/2024,YTZ,Toronto Island,EWR,0,267,90,Newark,7:25 PM,8:55 PM
3/18/2024,YTZ,Toronto Island,EWR,0,267,90,Newark,5:10 PM,6:40 PM
3/18/2024,YTZ,Toronto Island,EWR,0,267,90,Newark,8:50 AM,10:20 AM
3/18/2024,YTZ,Toronto Island,EWR,0,267,90,Newark,6:20 PM,7:50 PM
3/18/2024,YTZ,Toronto Island,EWR,0,267,90,Newark,10:00 AM,11:30 AM
3/18/2024,YTZ,Toronto Island,EWR,0,267,222,Newark,6:45 AM,8:15 AM
3/18/2024,YYZ,Pearson Intl,LGA,0,267,255,LaGuardia,7:40 PM,11:22 PM
3/18/2024,YYZ,Pearson Intl,LGA,1,267,401,LaGuardia,2:45 PM,7:00 PM
3/18/2024,YYZ,Pearson Intl,LGA,1,267,466,LaGuardia,2:45 PM,9:26 PM
3/18/2024,YYZ,Pearson Intl,LGA,1,267,586,LaGuardia,6:15 AM,2:01 PM
3/18/2024,YYZ,Pearson Intl,LGA,1,267,99,LaGuardia,6:15 AM,4:01 PM
3/18/2024,YYZ,Pearson Intl,LGA,1,267,99,LaGuardia,9:00 PM,9:06 am+1
3/18/2024,YYZ,Pearson Intl,LGA,1,264,103,LaGuardia,7:42 PM,9:21 PM
3/18/2024,YYZ,Pearson Intl,LGA,,264,222,LaGuardia,1:59 PM,3:38 PM
3/18/2024,YYZ,Pearson Intl,JFK,0,264,255,John F Kennedy Intl,7:30 AM,9:13 AM
3/18/2024,YYZ,Pearson Intl,LGA,0,267,401,LaGuardia,7:40 PM,11:22 PM
3/18/2024,YYZ,Pearson Intl,LGA,0,267,91,LaGuardia,2:45 PM,7:00 PM
3/18/2024,YYZ,Pearson Intl,LGA,1,267,91,LaGuardia,2:45 PM,9:26 PM
3/18/2024,YYZ,Pearson Intl,JFK,1,275,96,John F Kennedy Intl,8:55 PM,10:26 PM
3/18/2024,YYZ,Pearson Intl,JFK,1,275,90,John F Kennedy Intl,8:55 PM,10:26 PM
3/18/2024,YYZ,Pearson Intl,LGA,0,275,392,LaGuardia,6:15 PM,7:51 PM
3/18/2024,YTZ,Toronto Island,EWR,0,277,91,Newark,12:00 PM,1:30 PM
3/18/2024,YYZ,Pearson Intl,LGA,0,282,91,LaGuardia,4:50 PM,11:22 PM
3/18/2024,YYZ,Pearson Intl,JFK,0,296,95,John F Kennedy Intl,1:40 PM,3:11 PM
3/19/2024,YTO,Union Station,NYC,,127,90,Port Authority,9:00 PM,7:55 am+1
3/19/2024,YTZ,Toronto Island,EWR,,210,90,Newark,6:20 PM,7:50 PM
3/19/2024,YTZ,Toronto Island,EWR,0,210,90,Newark,5:10 PM,6:40 PM
3/19/2024,YTZ,Toronto Island,EWR,0,210,90,Newark,6:45 AM,8:15 AM
3/19/2024,YTZ,Toronto Island,EWR,0,210,90,Newark,10:00 AM,11:30 AM
3/19/2024,YTZ,Toronto Island,EWR,0,210,90,Newark,12:00 PM,1:30 PM
3/19/2024,YTZ,Toronto Island,EWR,0,210,90,Newark,2:00 PM,3:30 PM
3/19/2024,YTZ,Toronto Island,EWR,0,210,90,Newark,7:25 PM,8:55 PM
3/19/2024,YTZ,Toronto Island,EWR,0,210,90,Newark,8:50 AM,10:20 AM
3/19/2024,YTZ,Toronto Island,EWR,0,210,210,Newark,3:00 PM,4:30 PM
3/19/2024,YTZ,Toronto Island,EWR,0,210,220,Newark,2:10 PM,5:40 PM
3/19/2024,YTZ,Toronto Island,EWR,1,252,275,Newark,11:25 AM,3:05 PM
3/19/2024,YTZ,Toronto Island,EWR,1,252,275,Newark,12:25 PM,5:00 PM
3/20/2024,YTO,Union Station,NYC,,133,90,Port Authority,9:00 PM,7:55 am+1
3/20/2024,YTZ,Toronto Island,EWR,,210,90,Newark,12:00 PM,1:30 PM
3/20/2024,YTZ,Toronto Island,EWR,0,210,90,Newark,7:25 PM,8:55 PM
3/20/2024,YTZ,Toronto Island,EWR,0,210,90,Newark,5:10 PM,6:40 PM
3/20/2024,YTZ,Toronto Island,EWR,0,210,90,Newark,6:20 PM,7:50 PM
3/20/2024,YTZ,Toronto Island,EWR,0,210,90,Newark,8:50 AM,10:20 AM
3/20/2024,YTZ,Toronto Island,EWR,0,210,90,Newark,3:00 PM,4:30 PM
3/20/2024,YTZ,Toronto Island,EWR,0,210,90,Newark,10:00 AM,11:30 AM
3/20/2024,YTZ,Toronto Island,EWR,0,210,90,Newark,2:00 PM,3:30 PM
3/20/2024,YTZ,Toronto Island,EWR,0,210,210,Newark,6:45 AM,8:15 AM
3/20/2024,YTZ,Toronto Island,EWR,0,210,387,Newark,2:10 PM,5:40 PM
3/20/2024,YYZ,Pearson Intl,EWR,1,254,405,Newark,12:25 PM,6:52 PM
3/20/2024,YYZ,Pearson Intl,EWR,1,254,413,Newark,6:10 PM,12:55 am+1
3/21/2024,YTO,Union Station,NYC,,139,90,Port Authority,9:00 PM,7:55 am+1
3/21/2024,YTZ,Toronto Island,EWR,,210,90,Newark,10:00 AM,11:30 AM
3/21/2024,YTZ,Toronto Island,EWR,0,210,90,Newark,12:00 PM,1:30 PM
3/21/2024,YTZ,Toronto Island,EWR,0,210,90,Newark,7:25 PM,8:55 PM
3/21/2024,YTZ,Toronto Island,EWR,0,210,90,Newark,5:10 PM,6:40 PM
3/21/2024,YTZ,Toronto Island,EWR,0,210,90,Newark,6:20 PM,7:50 PM
3/21/2024,YTZ,Toronto Island,EWR,0,210,90,Newark,8:50 AM,10:20 AM
3/21/2024,YTZ,Toronto Island,EWR,0,210,90,Newark,2:00 PM,3:30 PM
3/21/2024,YTZ,Toronto Island,EWR,0,210,210,Newark,3:00 PM,4:30 PM
3/21/2024,YTZ,Toronto Island,EWR,0,210,90,Newark,2:10 PM,5:40 PM
3/21/2024,YTZ,Toronto Island,EWR,1,220,94,Newark,6:45 AM,8:15 AM
3/21/2024,YYZ,Pearson Intl,JFK,0,259,96,John F Kennedy Intl,12:30 PM,2:04 PM
3/21/2024,YYZ,Pearson Intl,EWR,0,259,100,Newark,11:40 AM,1:16 PM
3/22/2024,YTO,Union Station,NYC,,145,90,Port Authority,9:00 PM,7:55 am+1
3/22/2024,YTZ,Toronto Island,EWR,,210,90,Newark,6:45 AM,8:15 AM
3/22/2024,YTZ,Toronto Island,EWR,0,210,90,Newark,10:00 AM,11:30 AM
3/22/2024,YTZ,Toronto Island,EWR,0,210,90,Newark,2:00 PM,3:30 PM
3/22/2024,YTZ,Toronto Island,EWR,0,210,90,Newark,6:20 PM,7:50 PM
3/22/2024,YTZ,Toronto Island,EWR,0,210,90,Newark,5:10 PM,6:40 PM
3/22/2024,YTZ,Toronto Island,EWR,0,210,90,Newark,7:25 PM,8:55 PM
3/22/2024,YTZ,Toronto Island,EWR,0,210,210,Newark,3:00 PM,4:30 PM
3/22/2024,YTZ,Toronto Island,EWR,0,210,90,Newark,2:10 PM,5:40 PM
3/22/2024,YTZ,Toronto Island,EWR,1,232,90,Newark,12:00 PM,1:30 PM
3/22/2024,YTZ,Toronto Island,EWR,0,232,96,Newark,8:50 AM,10:20 AM
3/22/2024,YYZ,Pearson Intl,LGA,0,259,96,LaGuardia,8:55 PM,10:31 PM
3/22/2024,YYZ,Pearson Intl,LGA,0,259,100,LaGuardia,8:55 PM,10:31 PM
3/23/2024,YTO,Union Station,NYC,,127,90,Port Authority,9:00 PM,7:55 am+1
3/23/2024,YTZ,Toronto Island,EWR,,178,90,Newark,12:00 PM,1:30 PM
3/23/2024,YTZ,Toronto Island,EWR,0,178,90,Newark,2:00 PM,3:30 PM
3/23/2024,YTZ,Toronto Island,EWR,0,178,90,Newark,3:00 PM,4:30 PM
3/23/2024,YTZ,Toronto Island,EWR,0,182,90,Newark,5:10 PM,6:40 PM
3/23/2024,YTZ,Toronto Island,EWR,0,202,252,Newark,9:00 AM,10:30 AM
3/23/2024,YTZ,Toronto Island,EWR,0,208,275,Newark,5:25 PM,9:37 PM
3/23/2024,YTZ,Toronto Island,EWR,1,208,96,Newark,10:25 AM,3:00 PM
3/23/2024,YYZ,Pearson Intl,LGA,1,215,100,LaGuardia,8:55 PM,10:31 PM
3/23/2024,YYZ,Pearson Intl,EWR,0,215,109,Newark,6:40 AM,8:20 AM
3/23/2024,YYZ,Pearson Intl,EWR,0,215,109,Newark,5:40 PM,7:29 PM
3/23/2024,YYZ,Pearson Intl,EWR,0,215,109,Newark,7:30 AM,9:19 AM
3/23/2024,YYZ,Pearson Intl,EWR,0,215,109,Newark,10:45 AM,12:34 PM
3/24/2024,YTO,Union Station,NYC,,163,90,Port Authority,9:00 PM,7:55 am+1
3/24/2024,YTZ,Toronto Island,EWR,,176,90,Newark,10:00 AM,11:30 AM
3/24/2024,YTZ,Toronto Island,EWR,0,176,90,Newark,8:50 AM,10:20 AM
3/24/2024,YTZ,Toronto Island,EWR,0,178,365,Newark,7:25 PM,8:55 PM
3/24/2024,YTZ,Toronto Island,EWR,0,182,277,Newark,11:35 AM,5:40 PM
3/24/2024,YTZ,Toronto Island,EWR,1,208,90,Newark,4:25 PM,9:02 PM
3/24/2024,YTZ,Toronto Island,EWR,1,213,90,Newark,6:20 PM,7:50 PM
3/24/2024,YTZ,Toronto Island,EWR,0,213,90,Newark,12:00 PM,1:30 PM
3/24/2024,YTZ,Toronto Island,EWR,0,213,90,Newark,2:00 PM,3:30 PM
3/24/2024,YTZ,Toronto Island,EWR,0,213,95,Newark,3:00 PM,4:30 PM
3/24/2024,YYZ,Pearson Intl,LGA,0,215,100,LaGuardia,6:54 AM,8:29 AM
3/24/2024,YYZ,Pearson Intl,EWR,0,215,100,Newark,6:40 AM,8:20 AM
3/24/2024,YYZ,Pearson Intl,EWR,0,215,104,Newark,6:40 AM,8:20 AM
3/25/2024,YTO,Union Station,NYC,,121,90,Port Authority,9:00 PM,7:55 am+1
3/25/2024,YTZ,Toronto Island,EWR,,176,90,Newark,8:50 AM,10:20 AM
3/25/2024,YTZ,Toronto Island,EWR,0,176,90,Newark,12:00 PM,1:30 PM
3/25/2024,YTZ,Toronto Island,EWR,0,176,90,Newark,3:00 PM,4:30 PM
3/25/2024,YTZ,Toronto Island,EWR,0,176,90,Newark,2:00 PM,3:30 PM
3/25/2024,YTZ,Toronto Island,EWR,0,176,90,Newark,10:00 AM,11:30 AM
3/25/2024,YTZ,Toronto Island,EWR,0,176,90,Newark,6:20 PM,7:50 PM
3/25/2024,YTZ,Toronto Island,EWR,0,176,90,Newark,7:25 PM,8:55 PM
3/25/2024,YTZ,Toronto Island,EWR,0,176,90,Newark,5:10 PM,6:40 PM
3/25/2024,YTZ,Toronto Island,EWR,0,176,210,Newark,6:45 AM,8:15 AM
3/25/2024,YTZ,Toronto Island,EWR,0,182,95,Newark,2:10 PM,5:40 PM
3/25/2024,YYZ,Pearson Intl,LGA,1,215,95,LaGuardia,3:58 PM,5:33 PM
3/25/2024,YYZ,Pearson Intl,LGA,0,215,99,LaGuardia,6:54 AM,8:29 AM
3/26/2024,YTO,Union Station,NYC,,121,90,Port Authority,9:00 PM,7:55 am+1
3/26/2024,YTZ,Toronto Island,EWR,,176,90,Newark,2:00 PM,3:30 PM
3/26/2024,YTZ,Toronto Island,EWR,0,176,90,Newark,5:10 PM,6:40 PM
3/26/2024,YTZ,Toronto Island,EWR,0,176,90,Newark,8:50 AM,10:20 AM
3/26/2024,YTZ,Toronto Island,EWR,0,176,90,Newark,7:25 PM,8:55 PM
3/26/2024,YTZ,Toronto Island,EWR,0,176,90,Newark,12:00 PM,1:30 PM
3/26/2024,YTZ,Toronto Island,EWR,0,176,90,Newark,6:45 AM,8:15 AM
3/26/2024,YTZ,Toronto Island,EWR,0,176,90,Newark,3:00 PM,4:30 PM
3/26/2024,YTZ,Toronto Island,EWR,0,176,90,Newark,10:00 AM,11:30 AM
3/26/2024,YTZ,Toronto Island,EWR,0,176,210,Newark,6:20 PM,7:50 PM
3/26/2024,YTZ,Toronto Island,EWR,0,182,95,Newark,2:10 PM,5:40 PM
3/26/2024,YYZ,Pearson Intl,LGA,1,215,95,LaGuardia,6:54 AM,8:29 AM
3/26/2024,YYZ,Pearson Intl,LGA,0,215,96,LaGuardia,3:58 PM,5:33 PM
3/27/2024,YTZ,Toronto Island,EWR,0,176,90,Newark,5:10 PM,6:40 PM
3/27/2024,YTZ,Toronto Island,EWR,0,176,90,Newark,6:20 PM,7:50 PM
3/27/2024,YTZ,Toronto Island,EWR,0,176,90,Newark,10:00 AM,11:30 AM
3/27/2024,YTZ,Toronto Island,EWR,0,176,90,Newark,8:50 AM,10:20 AM
3/27/2024,YTZ,Toronto Island,EWR,0,176,90,Newark,2:00 PM,3:30 PM
3/27/2024,YTZ,Toronto Island,EWR,0,176,90,Newark,3:00 PM,4:30 PM
3/27/2024,YTZ,Toronto Island,EWR,0,176,90,Newark,7:25 PM,8:55 PM
3/27/2024,YTZ,Toronto Island,EWR,0,176,90,Newark,12:00 PM,1:30 PM
3/27/2024,YTZ,Toronto Island,EWR,0,176,90,Newark,6:45 AM,8:15 AM
3/27/2024,YTZ,Toronto Island,EWR,1,182,210,Newark,2:10 PM,5:40 PM
3/27/2024,YTZ,Toronto Island,EWR,1,208,275,Newark,12:25 PM,5:00 PM
3/27/2024,YTZ,Toronto Island,EWR,1,208,275,Newark,10:25 AM,3:00 PM
3/27/2024,YYZ,Pearson Intl,LGA,0,215,95,LaGuardia,3:58 PM,5:33 PM
3/27/2024,YYZ,Pearson Intl,EWR,0,215,96,Newark,8:40 AM,10:16 AM
3/28/2024,YTO,Union Station,NYC,,199,225,Port Authority,9:00 PM,7:55 am+1
3/28/2024,YYZ,Pearson Intl,EWR,,222,429,Newark,6:15 AM,10:00 AM
3/28/2024,YYZ,Pearson Intl,LGA,1,222,433,LaGuardia,2:35 PM,9:44 PM
3/28/2024,YYZ,Pearson Intl,EWR,1,222,127,Newark,6:15 AM,1:28 PM
3/28/2024,YYZ,Pearson Intl,JFK,1,252,90,John F Kennedy Intl,6:00 AM,8:07 AM
3/28/2024,YTZ,Toronto Island,EWR,0,255,218,Newark,2:00 PM,3:30 PM
3/28/2024,YYZ,Pearson Intl,LGA,0,255,347,LaGuardia,1:05 PM,4:43 PM
3/28/2024,YYZ,Pearson Intl,LGA,1,255,361,LaGuardia,10:56 AM,4:43 PM
3/28/2024,YYZ,Pearson Intl,LGA,1,259,100,LaGuardia,10:00 AM,4:01 PM
3/28/2024,YYZ,Pearson Intl,EWR,1,264,109,Newark,6:40 AM,8:20 AM
3/28/2024,YYZ,Pearson Intl,EWR,0,264,109,Newark,12:45 PM,2:34 PM
3/28/2024,YYZ,Pearson Intl,EWR,0,265,90,Newark,12:45 PM,2:34 PM
3/28/2024,YTZ,Toronto Island,EWR,0,267,90,Newark,12:00 PM,1:30 PM
3/29/2024,YTO,Union Station,NYC,,151,90,Port Authority,9:00 PM,7:55 am+1
3/29/2024,YTZ,Toronto Island,EWR,,176,90,Newark,5:10 PM,6:40 PM
3/29/2024,YTZ,Toronto Island,EWR,0,176,210,Newark,7:25 PM,8:55 PM
3/29/2024,YTZ,Toronto Island,EWR,0,182,90,Newark,2:10 PM,5:40 PM
3/29/2024,YTZ,Toronto Island,EWR,1,190,109,Newark,6:20 PM,7:50 PM
3/29/2024,YYZ,Pearson Intl,EWR,0,215,109,Newark,6:40 PM,8:29 PM
3/29/2024,YYZ,Pearson Intl,EWR,0,215,90,Newark,6:40 PM,8:29 PM
3/29/2024,YTZ,Toronto Island,EWR,0,221,222,Newark,3:00 PM,4:30 PM
3/29/2024,YYZ,Pearson Intl,LGA,0,222,244,LaGuardia,7:40 PM,11:22 PM
3/29/2024,YYZ,Pearson Intl,EWR,1,222,347,Newark,7:40 PM,11:44 PM
3/29/2024,YYZ,Pearson Intl,LGA,1,229,100,LaGuardia,10:56 AM,4:43 PM
3/29/2024,YYZ,Pearson Intl,EWR,1,231,109,Newark,7:10 PM,8:50 PM
3/29/2024,YYZ,Pearson Intl,EWR,0,246,96,Newark,5:40 PM,7:29 PM
3/30/2024,YTO,Union Station,NYC,,127,90,Port Authority,9:00 PM,7:55 am+1
3/30/2024,YTZ,Toronto Island,EWR,,151,90,Newark,12:00 PM,1:30 PM
3/30/2024,YTZ,Toronto Island,EWR,0,151,90,Newark,3:00 PM,4:30 PM
3/30/2024,YTZ,Toronto Island,EWR,0,151,90,Newark,9:00 AM,10:30 AM
3/30/2024,YTZ,Toronto Island,EWR,0,175,96,Newark,5:10 PM,6:40 PM
3/30/2024,YYZ,Pearson Intl,EWR,0,188,96,Newark,8:40 AM,10:16 AM
3/30/2024,YYZ,Pearson Intl,EWR,0,188,100,Newark,11:40 AM,1:16 PM
3/30/2024,YYZ,Pearson Intl,EWR,0,188,109,Newark,6:40 AM,8:20 AM
3/30/2024,YYZ,Pearson Intl,EWR,0,188,109,Newark,5:40 PM,7:29 PM
3/30/2024,YYZ,Pearson Intl,EWR,0,188,109,Newark,10:45 AM,12:34 PM
3/30/2024,YYZ,Pearson Intl,EWR,0,188,109,Newark,3:30 PM,5:19 PM
3/30/2024,YYZ,Pearson Intl,EWR,0,188,109,Newark,9:30 AM,11:19 AM
3/30/2024,YYZ,Pearson Intl,EWR,0,188,94,Newark,7:30 AM,9:19 AM
3/31/2024,YTZ,Toronto Island,EWR,0,149,90,Newark,8:50 AM,10:20 AM
3/31/2024,YTZ,Toronto Island,EWR,0,149,90,Newark,10:00 AM,11:30 AM
3/31/2024,YTO,Union Station,NYC,,151,250,Port Authority,9:00 PM,7:55 am+1
3/31/2024,YTZ,Toronto Island,EWR,,155,270,Newark,3:40 PM,7:50 PM
3/31/2024,YTZ,Toronto Island,EWR,1,155,370,Newark,9:00 AM,1:30 PM
3/31/2024,YTZ,Toronto Island,EWR,1,155,365,Newark,1:40 PM,7:50 PM
3/31/2024,YYZ,Pearson Intl,EWR,1,162,90,Newark,7:25 AM,1:30 PM
3/31/2024,YTZ,Toronto Island,EWR,1,163,90,Newark,2:00 PM,3:30 PM
3/31/2024,YTZ,Toronto Island,EWR,0,163,90,Newark,12:50 PM,2:20 PM
3/31/2024,YTZ,Toronto Island,EWR,0,163,90,Newark,11:00 AM,12:30 PM
3/31/2024,YTZ,Toronto Island,EWR,0,177,95,Newark,3:00 PM,4:30 PM
3/31/2024,YYZ,Pearson Intl,EWR,0,188,102,Newark,6:40 AM,8:15 AM
3/31/2024,YYZ,Pearson Intl,EWR,0,188,104,Newark,9:30 AM,11:12 AM
4/1/2024,YTZ,Toronto Island,EWR,0,149,90,Newark,2:00 PM,3:30 PM
4/1/2024,YTZ,Toronto Island,EWR,0,149,90,Newark,8:50 AM,10:20 AM
4/1/2024,YTZ,Toronto Island,EWR,0,149,90,Newark,6:45 AM,8:15 AM
4/1/2024,YTZ,Toronto Island,EWR,0,149,90,Newark,7:25 PM,8:55 PM
4/1/2024,YTZ,Toronto Island,EWR,0,149,90,Newark,3:00 PM,4:30 PM
4/1/2024,YTZ,Toronto Island,EWR,0,149,90,Newark,8:40 PM,10:10 PM
4/1/2024,YTZ,Toronto Island,EWR,1,155,360,Newark,11:40 AM,5:40 PM
4/1/2024,YYZ,Pearson Intl,EWR,1,162,375,Newark,11:25 AM,5:40 PM
4/1/2024,YTZ,Toronto Island,EWR,0,163,90,Newark,12:50 PM,2:20 PM
4/1/2024,YTZ,Toronto Island,EWR,0,163,90,Newark,5:10 PM,6:40 PM
4/1/2024,YTZ,Toronto Island,EWR,0,163,90,Newark,10:00 AM,11:30 AM
4/1/2024,YYZ,Pearson Intl,EWR,0,188,95,Newark,6:40 AM,8:15 AM
4/1/2024,YYZ,Pearson Intl,EWR,0,188,104,Newark,7:30 AM,9:14 AM
4/1/2024,YYZ,Pearson Intl,EWR,0,188,110,Newark,8:00 PM,9:50 PM
4/2/2024,YTZ,Toronto Island,EWR,0,163,90,Newark,6:45 AM,8:15 AM
4/2/2024,YTZ,Toronto Island,EWR,0,163,90,Newark,5:10 PM,6:40 PM
4/2/2024,YTZ,Toronto Island,EWR,0,163,90,Newark,12:50 PM,2:20 PM
4/2/2024,YTZ,Toronto Island,EWR,0,163,90,Newark,7:25 PM,8:55 PM
4/2/2024,YTZ,Toronto Island,EWR,0,163,90,Newark,8:40 PM,10:10 PM
4/2/2024,YTZ,Toronto Island,EWR,0,163,90,Newark,8:50 AM,10:20 AM
4/2/2024,YTZ,Toronto Island,EWR,0,163,90,Newark,2:00 PM,3:30 PM
4/2/2024,YTZ,Toronto Island,EWR,0,163,90,Newark,10:00 AM,11:30 AM
4/2/2024,YTZ,Toronto Island,EWR,0,163,90,Newark,3:00 PM,4:30 PM
4/2/2024,YTZ,Toronto Island,EWR,1,168,360,Newark,11:40 AM,5:40 PM
4/2/2024,YYZ,Pearson Intl,EWR,1,175,375,Newark,11:25 AM,5:40 PM
4/2/2024,YYZ,Pearson Intl,LGA,0,188,91,LaGuardia,7:15 PM,8:46 PM
4/2/2024,YYZ,Pearson Intl,LGA,0,188,91,LaGuardia,6:15 PM,7:46 PM
4/2/2024,YYZ,Pearson Intl,LGA,0,188,91,LaGuardia,7:15 PM,8:46 PM
4/3/2024,YTZ,Toronto Island,EWR,0,163,90,Newark,6:45 AM,8:15 AM
4/3/2024,YTZ,Toronto Island,EWR,0,163,90,Newark,10:00 AM,11:30 AM
4/3/2024,YTZ,Toronto Island,EWR,0,163,90,Newark,8:40 PM,10:10 PM
4/3/2024,YTZ,Toronto Island,EWR,0,163,90,Newark,3:00 PM,4:30 PM
4/3/2024,YTZ,Toronto Island,EWR,0,163,90,Newark,5:10 PM,6:40 PM
4/3/2024,YTZ,Toronto Island,EWR,0,163,90,Newark,7:25 PM,8:55 PM
4/3/2024,YTZ,Toronto Island,EWR,0,163,90,Newark,8:50 AM,10:20 AM
4/3/2024,YTZ,Toronto Island,EWR,0,163,90,Newark,12:50 PM,2:20 PM
4/3/2024,YTZ,Toronto Island,EWR,0,163,90,Newark,2:00 PM,3:30 PM
4/3/2024,YTZ,Toronto Island,EWR,1,168,360,Newark,11:40 AM,5:40 PM
4/3/2024,YYZ,Pearson Intl,EWR,1,175,375,Newark,11:25 AM,5:40 PM
4/3/2024,YYZ,Pearson Intl,LGA,0,188,91,LaGuardia,6:15 AM,7:46 AM
4/3/2024,YYZ,Pearson Intl,LGA,0,188,91,LaGuardia,6:15 AM,7:46 AM
4/3/2024,YYZ,Pearson Intl,LGA,0,188,91,LaGuardia,5:15 PM,6:46 PM
4/4/2024,YTZ,Toronto Island,EWR,0,163,90,Newark,10:00 AM,11:30 AM
4/4/2024,YTZ,Toronto Island,EWR,0,163,90,Newark,5:10 PM,6:40 PM
4/4/2024,YTZ,Toronto Island,EWR,0,163,90,Newark,6:45 AM,8:15 AM
4/4/2024,YTZ,Toronto Island,EWR,0,163,90,Newark,8:40 PM,10:10 PM
4/4/2024,YTZ,Toronto Island,EWR,0,163,90,Newark,2:00 PM,3:30 PM
4/4/2024,YTZ,Toronto Island,EWR,0,163,90,Newark,7:25 PM,8:55 PM
4/4/2024,YTZ,Toronto Island,EWR,0,163,90,Newark,3:00 PM,4:30 PM
4/4/2024,YTZ,Toronto Island,EWR,1,168,360,Newark,11:40 AM,5:40 PM
4/4/2024,YYZ,Pearson Intl,EWR,1,175,375,Newark,11:25 AM,5:40 PM
4/4/2024,YYZ,Pearson Intl,LGA,0,188,94,LaGuardia,3:25 PM,4:59 PM
4/4/2024,YYZ,Pearson Intl,LGA,0,188,99,LaGuardia,10:20 AM,11:59 AM
4/4/2024,YYZ,Pearson Intl,LGA,0,188,100,LaGuardia,7:00 AM,8:40 AM
4/4/2024,YYZ,Pearson Intl,JFK,0,188,107,John F Kennedy Intl,10:55 AM,12:42 PM
4/4/2024,YYZ,Pearson Intl,LGA,0,188,111,LaGuardia,5:05 PM,6:56 PM
4/5/2024,YTZ,Toronto Island,EWR,0,163,90,Newark,6:45 AM,8:15 AM
4/5/2024,YTZ,Toronto Island,EWR,0,163,90,Newark,5:10 PM,6:40 PM
4/5/2024,YTZ,Toronto Island,EWR,0,163,90,Newark,8:40 PM,10:10 PM
4/5/2024,YTZ,Toronto Island,EWR,0,163,90,Newark,7:25 PM,8:55 PM
4/5/2024,YTZ,Toronto Island,EWR,0,163,90,Newark,3:00 PM,4:30 PM
4/5/2024,YTZ,Toronto Island,EWR,0,163,90,Newark,2:00 PM,3:30 PM
4/5/2024,YTZ,Toronto Island,EWR,1,168,360,Newark,11:40 AM,5:40 PM
4/5/2024,YYZ,Pearson Intl,EWR,1,175,375,Newark,11:25 AM,5:40 PM
4/5/2024,YTZ,Toronto Island,EWR,0,179,90,Newark,12:50 PM,2:20 PM
4/5/2024,YYZ,Pearson Intl,JFK,0,188,94,John F Kennedy Intl,12:30 PM,2:04 PM
4/5/2024,YYZ,Pearson Intl,JFK,0,188,113,John F Kennedy Intl,6:30 PM,8:23 PM
4/5/2024,YYZ,Pearson Intl,JFK,0,188,124,John F Kennedy Intl,6:00 AM,8:04 AM
4/5/2024,YTZ,Toronto Island,EWR,0,194,90,Newark,10:00 AM,11:30 AM
4/5/2024,YYZ,Pearson Intl,LGA,1,195,428,LaGuardia,7:59 AM,3:07 PM
4/6/2024,YTZ,Toronto Island,EWR,0,163,90,Newark,11:00 AM,12:30 PM
4/6/2024,YTZ,Toronto Island,EWR,0,163,90,Newark,9:00 AM,10:30 AM
4/6/2024,YTZ,Toronto Island,EWR,0,163,90,Newark,2:00 PM,3:30 PM
4/6/2024,YTZ,Toronto Island,EWR,0,163,90,Newark,12:00 PM,1:30 PM
4/6/2024,YTZ,Toronto Island,EWR,0,163,90,Newark,5:10 PM,6:40 PM
4/6/2024,YYZ,Pearson Intl,EWR,1,175,245,Newark,7:25 AM,11:30 AM
4/6/2024,YYZ,Pearson Intl,LGA,0,188,95,LaGuardia,12:54 PM,2:29 PM
4/6/2024,YYZ,Pearson Intl,LGA,0,188,95,LaGuardia,3:20 PM,4:55 PM
4/6/2024,YYZ,Pearson Intl,LGA,0,188,100,LaGuardia,7:00 AM,8:40 AM
4/6/2024,YYZ,Pearson Intl,LGA,0,188,109,LaGuardia,2:30 PM,4:19 PM
4/6/2024,YYZ,Pearson Intl,LGA,0,188,116,LaGuardia,6:30 AM,8:26 AM
4/6/2024,YYZ,Pearson Intl,JFK,0,188,124,John F Kennedy Intl,6:00 AM,8:04 AM
4/6/2024,YYZ,Pearson Intl,JFK,1,188,320,John F Kennedy Intl,4:00 PM,9:20 PM
4/6/2024,YYZ,Pearson Intl,LGA,1,195,317,LaGuardia,7:59 AM,1:16 PM
4/7/2024,YTO,Union Station,NYC,,127,90,Port Authority,9:00 PM,7:55 am+1
4/7/2024,YTZ,Toronto Island,EWR,,163,90,Newark,3:00 PM,4:30 PM
4/7/2024,YTZ,Toronto Island,EWR,0,163,90,Newark,9:40 PM,11:10 PM
4/7/2024,YTZ,Toronto Island,EWR,0,163,90,Newark,11:00 AM,12:30 PM
4/7/2024,YTZ,Toronto Island,EWR,0,163,90,Newark,10:00 AM,11:30 AM
4/7/2024,YTZ,Toronto Island,EWR,0,163,90,Newark,8:50 AM,10:20 AM
4/7/2024,YTZ,Toronto Island,EWR,0,163,90,Newark,12:50 PM,2:20 PM
4/7/2024,YTZ,Toronto Island,EWR,0,163,250,Newark,2:00 PM,3:30 PM
4/7/2024,YTZ,Toronto Island,EWR,0,168,270,Newark,3:40 PM,7:50 PM
4/7/2024,YTZ,Toronto Island,EWR,1,168,370,Newark,9:00 AM,1:30 PM
4/7/2024,YTZ,Toronto Island,EWR,1,168,365,Newark,1:40 PM,7:50 PM
4/7/2024,YYZ,Pearson Intl,EWR,1,175,90,Newark,7:25 AM,1:30 PM
4/7/2024,YTZ,Toronto Island,EWR,1,197,90,Newark,4:10 PM,5:40 PM
4/8/2024,YTZ,Toronto Island,EWR,0,163,90,Newark,6:45 AM,8:15 AM
4/8/2024,YTZ,Toronto Island,EWR,0,163,90,Newark,10:00 AM,11:30 AM
4/8/2024,YTZ,Toronto Island,EWR,0,163,90,Newark,7:25 PM,8:55 PM
4/8/2024,YTZ,Toronto Island,EWR,0,163,90,Newark,8:50 AM,10:20 AM
4/8/2024,YTZ,Toronto Island,EWR,0,163,90,Newark,3:00 PM,4:30 PM
4/8/2024,YTZ,Toronto Island,EWR,0,163,90,Newark,8:40 PM,10:10 PM
4/8/2024,YTZ,Toronto Island,EWR,0,163,90,Newark,2:00 PM,3:30 PM
4/8/2024,YTZ,Toronto Island,EWR,0,163,90,Newark,12:50 PM,2:20 PM
4/8/2024,YTZ,Toronto Island,EWR,0,163,90,Newark,5:10 PM,6:40 PM
4/8/2024,YTZ,Toronto Island,EWR,1,168,360,Newark,11:40 AM,5:40 PM
4/8/2024,YYZ,Pearson Intl,EWR,1,175,375,Newark,11:25 AM,5:40 PM
4/8/2024,YYZ,Pearson Intl,LGA,0,188,99,LaGuardia,12:15 PM,1:54 PM
4/8/2024,YYZ,Pearson Intl,LGA,0,188,109,LaGuardia,2:30 PM,4:19 PM
4/8/2024,YYZ,Pearson Intl,LGA,0,188,116,LaGuardia,6:30 AM,8:26 AM
4/9/2024,YTZ,Toronto Island,EWR,0,159,90,Newark,10:00 AM,11:30 AM
4/9/2024,YTZ,Toronto Island,EWR,0,159,90,Newark,8:50 AM,10:20 AM
4/9/2024,YTZ,Toronto Island,EWR,0,159,90,Newark,2:00 PM,3:30 PM
4/9/2024,YTZ,Toronto Island,EWR,0,159,90,Newark,6:45 AM,8:15 AM
4/9/2024,YTZ,Toronto Island,EWR,0,159,90,Newark,5:10 PM,6:40 PM
4/9/2024,YTZ,Toronto Island,EWR,0,159,90,Newark,12:50 PM,2:20 PM
4/9/2024,YTZ,Toronto Island,EWR,0,159,90,Newark,8:40 PM,10:10 PM
4/9/2024,YTZ,Toronto Island,EWR,0,159,90,Newark,7:25 PM,8:55 PM
4/9/2024,YTZ,Toronto Island,EWR,0,159,90,Newark,3:00 PM,4:30 PM
4/9/2024,YTZ,Toronto Island,EWR,1,164,360,Newark,11:40 AM,5:40 PM
4/9/2024,YYZ,Pearson Intl,EWR,1,171,375,Newark,11:25 AM,5:40 PM
4/9/2024,YTZ,Toronto Island,EWR,2,184,505,Newark,9:15 AM,5:40 PM
4/9/2024,YKF,Kitchener-Waterloo,EWR,2,187,108,Newark,6:45 AM,1:30 pm+1
4/10/2024,YTZ,Toronto Island,EWR,0,159,90,Newark,2:00 PM,3:30 PM
4/10/2024,YTZ,Toronto Island,EWR,0,159,90,Newark,8:50 AM,10:20 AM
4/10/2024,YTZ,Toronto Island,EWR,0,159,90,Newark,10:00 AM,11:30 AM
4/10/2024,YTZ,Toronto Island,EWR,0,159,90,Newark,3:00 PM,4:30 PM
4/10/2024,YTZ,Toronto Island,EWR,0,159,90,Newark,5:10 PM,6:40 PM
4/10/2024,YTZ,Toronto Island,EWR,0,159,90,Newark,6:45 AM,8:15 AM
4/10/2024,YTZ,Toronto Island,EWR,0,159,90,Newark,8:40 PM,10:10 PM
4/10/2024,YTZ,Toronto Island,EWR,0,159,90,Newark,12:50 PM,2:20 PM
4/10/2024,YTZ,Toronto Island,EWR,0,159,90,Newark,7:25 PM,8:55 PM
4/10/2024,YTZ,Toronto Island,EWR,1,164,360,Newark,11:40 AM,5:40 PM
4/10/2024,YYZ,Pearson Intl,EWR,1,171,375,Newark,11:25 AM,5:40 PM
4/10/2024,YYZ,Pearson Intl,LGA,0,188,91,LaGuardia,4:15 PM,5:46 PM
4/10/2024,YYZ,Pearson Intl,LGA,0,188,91,LaGuardia,5:15 PM,6:46 PM
4/10/2024,YYZ,Pearson Intl,LGA,0,188,91,LaGuardia,6:15 PM,7:46 PM
4/11/2024,YTZ,Toronto Island,EWR,0,163,90,Newark,3:00 PM,4:30 PM
4/11/2024,YTZ,Toronto Island,EWR,0,163,90,Newark,8:50 AM,10:20 AM
4/11/2024,YTZ,Toronto Island,EWR,0,163,90,Newark,2:00 PM,3:30 PM
4/11/2024,YTZ,Toronto Island,EWR,0,163,90,Newark,12:50 PM,2:20 PM
4/11/2024,YTZ,Toronto Island,EWR,0,163,90,Newark,5:10 PM,6:40 PM
4/11/2024,YTZ,Toronto Island,EWR,0,163,90,Newark,7:25 PM,8:55 PM
4/11/2024,YTZ,Toronto Island,EWR,0,163,90,Newark,10:00 AM,11:30 AM
4/11/2024,YTZ,Toronto Island,EWR,0,163,90,Newark,6:45 AM,8:15 AM
4/11/2024,YTZ,Toronto Island,EWR,0,163,90,Newark,8:40 PM,10:10 PM
4/11/2024,YTZ,Toronto Island,EWR,1,168,360,Newark,11:40 AM,5:40 PM
4/11/2024,YKF,Kitchener-Waterloo,EWR,1,169,375,Newark,6:45 AM,6:24 PM
4/11/2024,YYZ,Pearson Intl,EWR,,175,97,Newark,11:25 AM,5:40 PM
4/11/2024,YYZ,Pearson Intl,LGA,1,188,100,LaGuardia,2:15 PM,3:52 PM
4/12/2024,YTO,Union Station,NYC,,139,90,Port Authority,9:00 PM,7:55 am+1
4/12/2024,YTZ,Toronto Island,EWR,,163,90,Newark,7:25 PM,8:55 PM
4/12/2024,YTZ,Toronto Island,EWR,0,163,90,Newark,10:00 AM,11:30 AM
4/12/2024,YTZ,Toronto Island,EWR,0,163,90,Newark,12:50 PM,2:20 PM
4/12/2024,YTZ,Toronto Island,EWR,0,163,90,Newark,5:10 PM,6:40 PM
4/12/2024,YTZ,Toronto Island,EWR,0,163,90,Newark,6:45 AM,8:15 AM
4/12/2024,YTZ,Toronto Island,EWR,0,163,90,Newark,3:00 PM,4:30 PM
4/12/2024,YTZ,Toronto Island,EWR,0,163,90,Newark,8:40 PM,10:10 PM
4/12/2024,YTZ,Toronto Island,EWR,0,163,360,Newark,2:00 PM,3:30 PM
4/12/2024,YTZ,Toronto Island,EWR,0,168,375,Newark,11:40 AM,5:40 PM
4/12/2024,YYZ,Pearson Intl,EWR,1,175,91,Newark,11:25 AM,5:40 PM
4/12/2024,YYZ,Pearson Intl,LGA,1,188,99,LaGuardia,7:40 AM,9:11 AM
4/12/2024,YYZ,Pearson Intl,LGA,0,188,107,LaGuardia,5:12 PM,6:51 PM
4/13/2024,YTZ,Toronto Island,EWR,0,163,90,Newark,11:00 AM,12:30 PM
4/13/2024,YTZ,Toronto Island,EWR,0,163,90,Newark,9:00 AM,10:30 AM
4/13/2024,YTZ,Toronto Island,EWR,0,163,90,Newark,12:00 PM,1:30 PM
4/13/2024,YTZ,Toronto Island,EWR,0,163,90,Newark,5:10 PM,6:40 PM
4/13/2024,YTZ,Toronto Island,EWR,0,163,90,Newark,2:00 PM,3:30 PM
4/13/2024,YYZ,Pearson Intl,EWR,1,175,245,Newark,7:25 AM,11:30 AM
4/13/2024,YYZ,Pearson Intl,LGA,0,188,91,LaGuardia,6:15 AM,7:46 AM
4/13/2024,YYZ,Pearson Intl,LGA,0,188,91,LaGuardia,4:15 PM,5:46 PM
4/13/2024,YYZ,Pearson Intl,LGA,0,188,91,LaGuardia,6:15 AM,7:46 AM
4/13/2024,YYZ,Pearson Intl,LGA,0,188,91,LaGuardia,6:15 PM,7:46 PM
4/13/2024,YYZ,Pearson Intl,LGA,0,188,91,LaGuardia,7:15 PM,8:46 PM
4/13/2024,YYZ,Pearson Intl,LGA,0,188,91,LaGuardia,7:15 PM,8:46 PM
4/13/2024,YYZ,Pearson Intl,LGA,0,188,91,LaGuardia,6:15 PM,7:46 PM
4/13/2024,YYZ,Pearson Intl,LGA,0,188,95,LaGuardia,12:54 PM,2:29 PM
4/14/2024,YTZ,Toronto Island,EWR,0,163,90,Newark,11:00 AM,12:30 PM
4/14/2024,YTZ,Toronto Island,EWR,0,163,90,Newark,3:00 PM,4:30 PM
4/14/2024,YTZ,Toronto Island,EWR,0,163,90,Newark,10:00 AM,11:30 AM
4/14/2024,YTZ,Toronto Island,EWR,0,163,90,Newark,4:10 PM,5:40 PM
4/14/2024,YTZ,Toronto Island,EWR,0,163,90,Newark,9:40 PM,11:10 PM
4/14/2024,YTZ,Toronto Island,EWR,0,163,90,Newark,7:25 PM,8:55 PM
4/14/2024,YTZ,Toronto Island,EWR,0,163,90,Newark,2:00 PM,3:30 PM
4/14/2024,YTZ,Toronto Island,EWR,0,163,90,Newark,12:50 PM,2:20 PM
4/14/2024,YTZ,Toronto Island,EWR,0,163,90,Newark,8:50 AM,10:20 AM
4/14/2024,YTZ,Toronto Island,EWR,1,168,250,Newark,3:40 PM,7:50 PM
4/14/2024,YTZ,Toronto Island,EWR,1,168,270,Newark,9:00 AM,1:30 PM
4/14/2024,YTZ,Toronto Island,EWR,1,168,370,Newark,1:40 PM,7:50 PM
4/14/2024,YYZ,Pearson Intl,EWR,1,175,365,Newark,7:25 AM,1:30 PM
4/14/2024,YYZ,Pearson Intl,LGA,0,188,91,LaGuardia,6:15 AM,7:46 AM
4/15/2024,YTZ,Toronto Island,EWR,0,163,90,Newark,12:50 PM,2:20 PM
4/15/2024,YTZ,Toronto Island,EWR,0,163,90,Newark,7:25 PM,8:55 PM
4/15/2024,YTZ,Toronto Island,EWR,0,163,90,Newark,8:50 AM,10:20 AM
4/15/2024,YTZ,Toronto Island,EWR,0,163,90,Newark,2:00 PM,3:30 PM
4/15/2024,YTZ,Toronto Island,EWR,0,163,90,Newark,10:00 AM,11:30 AM
4/15/2024,YTZ,Toronto Island,EWR,0,163,90,Newark,5:10 PM,6:40 PM
4/15/2024,YTZ,Toronto Island,EWR,0,163,90,Newark,6:45 AM,8:15 AM
4/15/2024,YTZ,Toronto Island,EWR,0,163,90,Newark,8:40 PM,10:10 PM
4/15/2024,YTZ,Toronto Island,EWR,0,163,90,Newark,3:00 PM,4:30 PM
4/15/2024,YTZ,Toronto Island,EWR,1,168,360,Newark,11:40 AM,5:40 PM
4/15/2024,YYZ,Pearson Intl,EWR,1,175,375,Newark,11:25 AM,5:40 PM
4/15/2024,YYZ,Pearson Intl,LGA,0,188,95,LaGuardia,7:15 PM,8:50 PM
4/15/2024,YYZ,Pearson Intl,JFK,0,188,99,John F Kennedy Intl,11:11 AM,12:50 PM
4/15/2024,YYZ,Pearson Intl,LGA,0,188,99,LaGuardia,5:12 PM,6:51 PM
4/16/2024,YKF,Kitchener-Waterloo,EWR,1,147,90,Newark,6:45 AM,7:59 PM
4/16/2024,YTZ,Toronto Island,EWR,,159,90,Newark,6:45 AM,8:15 AM
4/16/2024,YTZ,Toronto Island,EWR,0,159,90,Newark,10:00 AM,11:30 AM
4/16/2024,YTZ,Toronto Island,EWR,0,159,90,Newark,2:00 PM,3:30 PM
4/16/2024,YTZ,Toronto Island,EWR,0,159,90,Newark,7:25 PM,8:55 PM
4/16/2024,YTZ,Toronto Island,EWR,0,159,90,Newark,12:50 PM,2:20 PM
4/16/2024,YTZ,Toronto Island,EWR,0,159,90,Newark,8:40 PM,10:10 PM
4/16/2024,YTZ,Toronto Island,EWR,0,159,90,Newark,5:10 PM,6:40 PM
4/16/2024,YTZ,Toronto Island,EWR,0,159,90,Newark,3:00 PM,4:30 PM
4/16/2024,YTZ,Toronto Island,EWR,0,163,360,Newark,8:50 AM,10:20 AM
4/16/2024,YTZ,Toronto Island,EWR,0,164,375,Newark,11:40 AM,5:40 PM
4/16/2024,YYZ,Pearson Intl,EWR,1,171,91,Newark,11:25 AM,5:40 PM
4/16/2024,YYZ,Pearson Intl,LGA,1,188,91,LaGuardia,4:15 PM,5:46 PM
4/17/2024,YTZ,Toronto Island,EWR,0,159,90,Newark,8:40 PM,10:10 PM
4/17/2024,YTZ,Toronto Island,EWR,0,159,90,Newark,7:25 PM,8:55 PM
4/17/2024,YTZ,Toronto Island,EWR,0,159,90,Newark,5:10 PM,6:40 PM
4/17/2024,YTZ,Toronto Island,EWR,0,159,90,Newark,2:00 PM,3:30 PM
4/17/2024,YTZ,Toronto Island,EWR,0,159,90,Newark,12:50 PM,2:20 PM
4/17/2024,YTZ,Toronto Island,EWR,0,159,90,Newark,6:45 AM,8:15 AM
4/17/2024,YTZ,Toronto Island,EWR,0,159,90,Newark,8:50 AM,10:20 AM
4/17/2024,YTZ,Toronto Island,EWR,0,159,90,Newark,3:00 PM,4:30 PM
4/17/2024,YTZ,Toronto Island,EWR,0,159,90,Newark,10:00 AM,11:30 AM
4/17/2024,YTZ,Toronto Island,EWR,1,164,360,Newark,11:40 AM,5:40 PM
4/17/2024,YYZ,Pearson Intl,EWR,1,171,375,Newark,11:25 AM,5:40 PM
4/17/2024,YYZ,Pearson Intl,LGA,0,188,91,LaGuardia,5:15 PM,6:46 PM
4/17/2024,YYZ,Pearson Intl,LGA,0,188,91,LaGuardia,2:20 PM,3:51 PM
4/17/2024,YYZ,Pearson Intl,LGA,0,188,91,LaGuardia,7:15 PM,8:46 PM
4/18/2024,YTZ,Toronto Island,EWR,0,163,90,Newark,3:00 PM,4:30 PM
4/18/2024,YTZ,Toronto Island,EWR,0,163,90,Newark,7:25 PM,8:55 PM
4/18/2024,YTZ,Toronto Island,EWR,0,163,90,Newark,6:45 AM,8:15 AM
4/18/2024,YTZ,Toronto Island,EWR,0,163,90,Newark,8:40 PM,10:10 PM
4/18/2024,YTZ,Toronto Island,EWR,0,163,90,Newark,12:50 PM,2:20 PM
4/18/2024,YTZ,Toronto Island,EWR,0,163,90,Newark,2:00 PM,3:30 PM
4/18/2024,YTZ,Toronto Island,EWR,0,163,90,Newark,5:10 PM,6:40 PM
4/18/2024,YTZ,Toronto Island,EWR,0,163,90,Newark,10:00 AM,11:30 AM
4/18/2024,YTZ,Toronto Island,EWR,1,168,360,Newark,11:40 AM,5:40 PM
4/18/2024,YYZ,Pearson Intl,EWR,1,175,375,Newark,11:25 AM,5:40 PM
4/18/2024,YTZ,Toronto Island,EWR,2,188,505,Newark,9:15 AM,5:40 PM
4/18/2024,YTZ,Toronto Island,EWR,1,193,490,Newark,9:30 AM,5:40 PM
4/18/2024,YTZ,Toronto Island,EWR,0,194,90,Newark,8:50 AM,10:20 AM
4/18/2024,YYZ,Pearson Intl,LGA,1,195,317,LaGuardia,7:59 AM,1:16 PM
4/18/2024,YYZ,Pearson Intl,LGA,1,195,376,LaGuardia,7:00 AM,1:16 PM
4/18/2024,YYZ,Pearson Intl,LGA,0,188,109,LaGuardia,6:30 AM,8:19 AM
4/18/2024,YTZ,Toronto Island,EWR,0,194,90,Newark,8:50 AM,10:20 AM
4/18/2024,YYZ,Pearson Intl,LGA,1,195,317,LaGuardia,7:59 AM,1:16 PM
4/18/2024,YYZ,Pearson Intl,LGA,1,195,376,LaGuardia,7:00 AM,1:16 PM
4/18/2024,YYZ,Pearson Intl,LGA,1,195,428,LaGuardia,7:59 AM,3:07 PM
4/18/2024,YYZ,Pearson Intl,EWR,0,208,95,Newark,6:40 AM,8:15 AM
4/18/2024,YYZ,Pearson Intl,EWR,0,208,95,Newark,6:40 AM,8:15 AM
4/18/2024,YYZ,Pearson Intl,EWR,0,208,99,Newark,9:10 PM,10:49 PM
4/18/2024,YYZ,Pearson Intl,EWR,0,208,99,Newark,9:10 PM,10:49 PM
4/18/2024,YYZ,Pearson Intl,EWR,0,208,102,Newark,9:30 AM,11:12 AM
4/18/2024,YYZ,Pearson Intl,EWR,0,208,102,Newark,9:30 AM,11:12 AM
4/18/2024,YYZ,Pearson Intl,EWR,0,208,104,Newark,7:30 AM,9:14 AM
4/18/2024,YYZ,Pearson Intl,EWR,0,208,104,Newark,7:30 AM,9:14 AM
4/18/2024,YYZ,Pearson Intl,EWR,0,208,108,Newark,12:45 PM,2:33 PM
4/19/2024,YTZ,Toronto Island,EWR,0,163,90,Newark,6:45 AM,8:15 AM
4/19/2024,YTZ,Toronto Island,EWR,0,163,90,Newark,2:00 PM,3:30 PM
4/19/2024,YTZ,Toronto Island,EWR,0,163,90,Newark,7:25 PM,8:55 PM
4/19/2024,YTZ,Toronto Island,EWR,0,163,90,Newark,8:40 PM,10:10 PM
4/19/2024,YTZ,Toronto Island,EWR,0,163,90,Newark,5:10 PM,6:40 PM
4/19/2024,YTZ,Toronto Island,EWR,0,163,90,Newark,3:00 PM,4:30 PM
4/19/2024,YTZ,Toronto Island,EWR,1,168,360,Newark,11:40 AM,5:40 PM
4/19/2024,YYZ,Pearson Intl,EWR,1,175,375,Newark,11:25 AM,5:40 PM
4/19/2024,YTZ,Toronto Island,EWR,0,179,90,Newark,10:00 AM,11:30 AM
4/19/2024,YYZ,Pearson Intl,LGA,0,188,99,LaGuardia,5:12 PM,6:51 PM
4/19/2024,YYZ,Pearson Intl,LGA,0,188,109,LaGuardia,6:30 AM,8:19 AM
4/19/2024,YYZ,Pearson Intl,LGA,0,197,106,LaGuardia,6:48 PM,8:34 PM
4/19/2024,YYZ,Pearson Intl,EWR,0,208,99,Newark,4:40 PM,6:19 PM
4/19/2024,YYZ,Pearson Intl,EWR,0,208,99,Newark,9:10 PM,10:49 PM
4/20/2024,YTZ,Toronto Island,EWR,0,163,90,Newark,11:00 AM,12:30 PM
4/20/2024,YTZ,Toronto Island,EWR,0,163,90,Newark,12:00 PM,1:30 PM
4/20/2024,YTZ,Toronto Island,EWR,0,163,90,Newark,9:00 AM,10:30 AM
4/20/2024,YTZ,Toronto Island,EWR,0,163,90,Newark,5:10 PM,6:40 PM
4/20/2024,YTZ,Toronto Island,EWR,0,163,90,Newark,2:00 PM,3:30 PM
4/20/2024,YYZ,Pearson Intl,EWR,1,175,245,Newark,7:25 AM,11:30 AM
4/20/2024,YYZ,Pearson Intl,LGA,0,188,91,LaGuardia,7:15 PM,8:46 PM
4/20/2024,YYZ,Pearson Intl,LGA,0,188,95,LaGuardia,3:20 PM,4:55 PM
4/20/2024,YYZ,Pearson Intl,LGA,0,188,95,LaGuardia,8:55 PM,10:30 PM
4/20/2024,YYZ,Pearson Intl,LGA,0,188,97,LaGuardia,2:15 PM,3:52 PM
4/20/2024,YYZ,Pearson Intl,LGA,0,188,104,LaGuardia,10:15 AM,11:59 AM
4/20/2024,YYZ,Pearson Intl,LGA,0,188,109,LaGuardia,6:30 AM,8:19 AM
4/20/2024,YYZ,Pearson Intl,LGA,1,195,336,LaGuardia,2:35 PM,8:11 PM
4/20/2024,YYZ,Pearson Intl,LGA,1,195,428,LaGuardia,7:59 AM,3:07 PM
4/21/2024,YTO,Union Station,NYC,,139,90,Port Authority,9:00 PM,7:55 am+1
4/21/2024,YTZ,Toronto Island,EWR,,163,90,Newark,3:00 PM,4:30 PM
4/21/2024,YTZ,Toronto Island,EWR,0,163,90,Newark,12:50 PM,2:20 PM
4/21/2024,YTZ,Toronto Island,EWR,0,163,90,Newark,7:25 PM,8:55 PM
4/21/2024,YTZ,Toronto Island,EWR,0,163,90,Newark,4:10 PM,5:40 PM
4/21/2024,YTZ,Toronto Island,EWR,0,163,90,Newark,8:50 AM,10:20 AM
4/21/2024,YTZ,Toronto Island,EWR,0,163,90,Newark,11:00 AM,12:30 PM
4/21/2024,YTZ,Toronto Island,EWR,0,163,90,Newark,10:00 AM,11:30 AM
4/21/2024,YTZ,Toronto Island,EWR,0,163,90,Newark,9:40 PM,11:10 PM
4/21/2024,YTZ,Toronto Island,EWR,0,163,250,Newark,2:00 PM,3:30 PM
4/21/2024,YTZ,Toronto Island,EWR,0,168,270,Newark,3:40 PM,7:50 PM
4/21/2024,YTZ,Toronto Island,EWR,1,168,370,Newark,9:00 AM,1:30 PM
4/21/2024,YTZ,Toronto Island,EWR,1,168,365,Newark,1:40 PM,7:50 PM
4/22/2024,YTZ,Toronto Island,EWR,0,163,90,Newark,6:45 AM,8:15 AM
4/22/2024,YTZ,Toronto Island,EWR,0,163,90,Newark,7:25 PM,8:55 PM
4/22/2024,YTZ,Toronto Island,EWR,0,163,90,Newark,5:10 PM,6:40 PM
4/22/2024,YTZ,Toronto Island,EWR,0,163,90,Newark,12:50 PM,2:20 PM
4/22/2024,YTZ,Toronto Island,EWR,0,163,90,Newark,2:00 PM,3:30 PM
4/22/2024,YTZ,Toronto Island,EWR,0,163,90,Newark,8:40 PM,10:10 PM
4/22/2024,YTZ,Toronto Island,EWR,0,163,90,Newark,8:50 AM,10:20 AM
4/22/2024,YTZ,Toronto Island,EWR,0,163,90,Newark,3:00 PM,4:30 PM
4/22/2024,YTZ,Toronto Island,EWR,0,163,90,Newark,10:00 AM,11:30 AM
4/22/2024,YTZ,Toronto Island,EWR,1,168,360,Newark,11:40 AM,5:40 PM
4/22/2024,YYZ,Pearson Intl,EWR,1,175,375,Newark,11:25 AM,5:40 PM
4/22/2024,YYZ,Pearson Intl,LGA,0,188,109,LaGuardia,6:30 AM,8:19 AM
4/22/2024,YYZ,Pearson Intl,JFK,0,188,119,John F Kennedy Intl,6:00 AM,7:59 AM
4/22/2024,YYZ,Pearson Intl,EWR,0,208,95,Newark,6:40 AM,8:15 AM
4/23/2024,YKF,Kitchener-Waterloo,EWR,1,147,90,Newark,6:45 AM,6:22 PM
4/23/2024,YTZ,Toronto Island,EWR,,159,90,Newark,5:10 PM,6:40 PM
4/23/2024,YTZ,Toronto Island,EWR,0,159,90,Newark,12:50 PM,2:20 PM
4/23/2024,YTZ,Toronto Island,EWR,0,159,90,Newark,8:50 AM,10:20 AM
4/23/2024,YTZ,Toronto Island,EWR,0,159,90,Newark,3:00 PM,4:30 PM
4/23/2024,YTZ,Toronto Island,EWR,0,159,90,Newark,2:00 PM,3:30 PM
4/23/2024,YTZ,Toronto Island,EWR,0,159,90,Newark,7:25 PM,8:55 PM
4/23/2024,YTZ,Toronto Island,EWR,0,159,90,Newark,10:00 AM,11:30 AM
4/23/2024,YTZ,Toronto Island,EWR,0,159,90,Newark,6:45 AM,8:15 AM
4/23/2024,YTZ,Toronto Island,EWR,0,159,360,Newark,8:40 PM,10:10 PM
4/23/2024,YTZ,Toronto Island,EWR,0,164,375,Newark,11:40 AM,5:40 PM
4/23/2024,YYZ,Pearson Intl,EWR,1,171,91,Newark,11:25 AM,5:40 PM
4/23/2024,YYZ,Pearson Intl,LGA,1,188,91,LaGuardia,5:15 PM,6:46 PM
4/24/2024,YTZ,Toronto Island,EWR,0,159,90,Newark,3:00 PM,4:30 PM
4/24/2024,YTZ,Toronto Island,EWR,0,159,90,Newark,5:10 PM,6:40 PM
4/24/2024,YTZ,Toronto Island,EWR,0,159,90,Newark,7:25 PM,8:55 PM
4/24/2024,YTZ,Toronto Island,EWR,0,159,90,Newark,8:50 AM,10:20 AM
4/24/2024,YTZ,Toronto Island,EWR,0,159,90,Newark,2:00 PM,3:30 PM
4/24/2024,YTZ,Toronto Island,EWR,0,159,90,Newark,12:50 PM,2:20 PM
4/24/2024,YTZ,Toronto Island,EWR,0,159,90,Newark,6:45 AM,8:15 AM
4/24/2024,YTZ,Toronto Island,EWR,0,159,90,Newark,8:40 PM,10:10 PM
4/24/2024,YTZ,Toronto Island,EWR,0,163,90,Newark,10:00 AM,11:30 AM
4/24/2024,YTZ,Toronto Island,EWR,1,164,360,Newark,11:40 AM,5:40 PM
4/24/2024,YYZ,Pearson Intl,EWR,1,171,375,Newark,11:25 AM,5:40 PM
4/24/2024,YYZ,Pearson Intl,LGA,0,188,91,LaGuardia,5:15 PM,6:46 PM
4/24/2024,YYZ,Pearson Intl,LGA,0,188,95,LaGuardia,8:55 PM,10:30 PM
4/24/2024,YYZ,Pearson Intl,LGA,0,188,95,LaGuardia,3:20 PM,4:55 PM
4/25/2024,YTZ,Toronto Island,EWR,0,163,90,Newark,7:25 PM,8:55 PM
4/25/2024,YTZ,Toronto Island,EWR,0,163,90,Newark,8:40 PM,10:10 PM
4/25/2024,YTZ,Toronto Island,EWR,0,163,90,Newark,5:10 PM,6:40 PM
4/25/2024,YTZ,Toronto Island,EWR,0,163,90,Newark,6:45 AM,8:15 AM
4/25/2024,YTZ,Toronto Island,EWR,0,163,90,Newark,3:00 PM,4:30 PM
4/25/2024,YTZ,Toronto Island,EWR,1,168,360,Newark,11:40 AM,5:40 PM
4/25/2024,YYZ,Pearson Intl,EWR,1,175,375,Newark,11:25 AM,5:40 PM
4/25/2024,YTZ,Toronto Island,EWR,0,179,90,Newark,2:00 PM,3:30 PM
4/25/2024,YTZ,Toronto Island,EWR,0,194,90,Newark,8:50 AM,10:20 AM
4/25/2024,YYZ,Pearson Intl,EWR,1,208,385,Newark,1:10 PM,7:35 PM
4/25/2024,YYZ,Pearson Intl,LGA,0,215,109,LaGuardia,6:30 AM,8:19 AM
4/25/2024,YYZ,Pearson Intl,JFK,0,215,119,John F Kennedy Intl,6:00 AM,7:59 AM
4/25/2024,YTZ,Toronto Island,EWR,0,223,90,Newark,12:50 PM,2:20 PM
4/25/2024,YYZ,Pearson Intl,LGA,0,227,95,LaGuardia,8:55 PM,10:30 PM
4/26/2024,YTZ,Toronto Island,EWR,0,163,90,Newark,5:10 PM,6:40 PM
4/26/2024,YTZ,Toronto Island,EWR,0,163,90,Newark,8:40 PM,10:10 PM
4/26/2024,YTZ,Toronto Island,EWR,0,163,90,Newark,6:45 AM,8:15 AM
4/26/2024,YTZ,Toronto Island,EWR,0,163,90,Newark,3:00 PM,4:30 PM
4/26/2024,YTZ,Toronto Island,EWR,0,163,90,Newark,7:25 PM,8:55 PM
4/26/2024,YTZ,Toronto Island,EWR,1,168,360,Newark,11:40 AM,5:40 PM
4/26/2024,YYZ,Pearson Intl,EWR,1,175,375,Newark,11:25 AM,5:40 PM
4/26/2024,YYZ,Pearson Intl,LGA,0,188,99,LaGuardia,5:12 PM,6:51 PM
4/26/2024,YYZ,Pearson Intl,LGA,0,188,109,LaGuardia,6:30 AM,8:19 AM
4/26/2024,YYZ,Pearson Intl,JFK,0,197,119,John F Kennedy Intl,6:00 AM,7:59 AM
4/26/2024,YTZ,Toronto Island,EWR,0,209,90,Newark,2:00 PM,3:30 PM
4/26/2024,YTZ,Toronto Island,EWR,0,209,90,Newark,12:50 PM,2:20 PM
4/26/2024,YYZ,Pearson Intl,LGA,0,227,95,LaGuardia,8:55 PM,10:30 PM
4/26/2024,YTZ,Toronto Island,EWR,1,231,275,Newark,4:25 PM,9:00 PM
4/27/2024,YTZ,Toronto Island,EWR,0,163,90,Newark,2:00 PM,3:30 PM
4/27/2024,YTZ,Toronto Island,EWR,0,163,90,Newark,5:10 PM,6:40 PM
4/27/2024,YTZ,Toronto Island,EWR,0,163,90,Newark,11:00 AM,12:30 PM
4/27/2024,YYZ,Pearson Intl,EWR,1,175,245,Newark,7:25 AM,11:30 AM
4/27/2024,YYZ,Pearson Intl,JFK,0,188,109,John F Kennedy Intl,7:25 AM,9:14 AM
4/27/2024,YYZ,Pearson Intl,LGA,0,188,109,LaGuardia,6:30 AM,8:19 AM
4/27/2024,YYZ,Pearson Intl,EWR,0,208,95,Newark,6:40 AM,8:15 AM
4/27/2024,YYZ,Pearson Intl,EWR,0,208,95,Newark,6:40 AM,8:15 AM
4/27/2024,YYZ,Pearson Intl,EWR,0,208,104,Newark,7:30 AM,9:14 AM
4/27/2024,YYZ,Pearson Intl,EWR,0,208,104,Newark,7:30 AM,9:14 AM
4/27/2024,YTZ,Toronto Island,EWR,0,209,90,Newark,9:00 AM,10:30 AM
4/27/2024,YYZ,Pearson Intl,LGA,0,214,100,LaGuardia,7:00 AM,8:40 AM
4/27/2024,YYZ,Pearson Intl,LGA,0,227,91,LaGuardia,7:40 AM,9:11 AM
4/27/2024,YYZ,Pearson Intl,LGA,0,227,91,LaGuardia,6:15 AM,7:46 AM
4/28/2024,YTZ,Toronto Island,EWR,0,163,90,Newark,9:40 PM,11:10 PM
4/28/2024,YTZ,Toronto Island,EWR,0,163,90,Newark,3:00 PM,4:30 PM
4/28/2024,YTZ,Toronto Island,EWR,1,168,250,Newark,3:40 PM,7:50 PM
4/28/2024,YTZ,Toronto Island,EWR,1,168,270,Newark,9:00 AM,1:30 PM
4/28/2024,YTZ,Toronto Island,EWR,1,168,370,Newark,1:40 PM,7:50 PM
4/28/2024,YYZ,Pearson Intl,EWR,1,175,365,Newark,7:25 AM,1:30 PM
4/28/2024,YTZ,Toronto Island,EWR,0,177,90,Newark,2:00 PM,3:30 PM
4/28/2024,YTZ,Toronto Island,EWR,0,179,90,Newark,11:00 AM,12:30 PM
4/28/2024,YTZ,Toronto Island,EWR,0,188,90,Newark,8:50 AM,10:20 AM
4/28/2024,YTZ,Toronto Island,EWR,0,188,90,Newark,4:10 PM,5:40 PM
4/28/2024,YTZ,Toronto Island,EWR,0,209,90,Newark,10:00 AM,11:30 AM
4/28/2024,YTZ,Toronto Island,EWR,0,209,90,Newark,7:25 PM,8:55 PM
4/28/2024,YTZ,Toronto Island,EWR,0,224,90,Newark,12:50 PM,2:20 PM
4/28/2024,YYZ,Pearson Intl,LGA,0,241,100,LaGuardia,7:00 AM,8:40 AM
4/29/2024,YTZ,Toronto Island,EWR,0,163,90,Newark,7:25 PM,8:55 PM
4/29/2024,YTZ,Toronto Island,EWR,0,163,90,Newark,5:10 PM,6:40 PM
4/29/2024,YTZ,Toronto Island,EWR,0,163,90,Newark,3:00 PM,4:30 PM
4/29/2024,YTZ,Toronto Island,EWR,0,163,90,Newark,8:40 PM,10:10 PM
4/29/2024,YTZ,Toronto Island,EWR,0,163,90,Newark,2:00 PM,3:30 PM
4/29/2024,YTZ,Toronto Island,EWR,0,163,90,Newark,12:50 PM,2:20 PM
4/29/2024,YTZ,Toronto Island,EWR,0,163,90,Newark,8:50 AM,10:20 AM
4/29/2024,YTZ,Toronto Island,EWR,0,163,90,Newark,6:45 AM,8:15 AM
4/29/2024,YTZ,Toronto Island,EWR,1,168,360,Newark,11:40 AM,5:40 PM
4/29/2024,YYZ,Pearson Intl,EWR,1,175,375,Newark,11:25 AM,5:40 PM
4/29/2024,YTZ,Toronto Island,EWR,0,209,90,Newark,10:00 AM,11:30 AM
4/29/2024,YYZ,Pearson Intl,LGA,0,227,95,LaGuardia,8:55 PM,10:30 PM
4/29/2024,YTZ,Toronto Island,EWR,1,231,275,Newark,4:25 PM,9:00 PM
4/29/2024,YYZ,Pearson Intl,LGA,0,241,95,LaGuardia,10:30 AM,12:05 PM
4/30/2024,YTZ,Toronto Island,EWR,0,159,90,Newark,12:50 PM,2:20 PM
4/30/2024,YTZ,Toronto Island,EWR,0,159,90,Newark,5:10 PM,6:40 PM
4/30/2024,YTZ,Toronto Island,EWR,0,159,90,Newark,8:50 AM,10:20 AM
4/30/2024,YTZ,Toronto Island,EWR,0,159,90,Newark,2:00 PM,3:30 PM
4/30/2024,YTZ,Toronto Island,EWR,0,159,90,Newark,3:00 PM,4:30 PM
4/30/2024,YTZ,Toronto Island,EWR,0,159,90,Newark,7:25 PM,8:55 PM
4/30/2024,YTZ,Toronto Island,EWR,0,159,90,Newark,10:00 AM,11:30 AM
4/30/2024,YTZ,Toronto Island,EWR,0,159,90,Newark,6:45 AM,8:15 AM
4/30/2024,YTZ,Toronto Island,EWR,0,159,90,Newark,8:40 PM,10:10 PM
4/30/2024,YTZ,Toronto Island,EWR,1,164,360,Newark,11:40 AM,5:40 PM
4/30/2024,YYZ,Pearson Intl,EWR,1,171,375,Newark,11:25 AM,5:40 PM
4/30/2024,YYZ,Pearson Intl,LGA,0,188,91,LaGuardia,5:15 PM,6:46 PM
4/30/2024,YYZ,Pearson Intl,LGA,0,188,91,LaGuardia,4:15 PM,5:46 PM
4/30/2024,YYZ,Pearson Intl,LGA,0,188,91,LaGuardia,5:15 PM,6:46 PM
5/1/2024,YTZ,Toronto Island,EWR,0,159,90,Newark,12:50 PM,2:20 PM
5/1/2024,YTZ,Toronto Island,EWR,0,159,90,Newark,2:00 PM,3:30 PM
5/1/2024,YTZ,Toronto Island,EWR,0,159,90,Newark,5:10 PM,6:40 PM
5/1/2024,YTZ,Toronto Island,EWR,0,159,90,Newark,7:25 PM,8:55 PM
5/1/2024,YTZ,Toronto Island,EWR,0,159,90,Newark,6:45 AM,8:15 AM
5/1/2024,YTZ,Toronto Island,EWR,0,159,90,Newark,10:00 AM,11:30 AM
5/1/2024,YTZ,Toronto Island,EWR,0,159,90,Newark,8:40 PM,10:10 PM
5/1/2024,YTZ,Toronto Island,EWR,0,159,90,Newark,11:00 AM,12:30 PM
5/1/2024,YTZ,Toronto Island,EWR,0,159,90,Newark,3:00 PM,4:30 PM
5/1/2024,YTZ,Toronto Island,EWR,0,159,90,Newark,7:55 AM,9:25 AM
5/1/2024,YTZ,Toronto Island,EWR,1,164,240,Newark,9:30 AM,1:30 PM
5/1/2024,YTZ,Toronto Island,EWR,1,164,360,Newark,11:40 AM,5:40 PM
5/1/2024,YTZ,Toronto Island,EWR,1,164,370,Newark,7:20 AM,1:30 PM
5/1/2024,YTZ,Toronto Island,EWR,0,172,90,Newark,8:50 AM,10:20 AM
5/2/2024,YTZ,Toronto Island,EWR,0,163,90,Newark,8:40 PM,10:10 PM
5/2/2024,YTZ,Toronto Island,EWR,0,163,90,Newark,3:00 PM,4:30 PM
5/2/2024,YTZ,Toronto Island,EWR,0,163,90,Newark,7:25 PM,8:55 PM
5/2/2024,YTZ,Toronto Island,EWR,0,163,90,Newark,2:00 PM,3:30 PM
5/2/2024,YTZ,Toronto Island,EWR,0,163,90,Newark,12:50 PM,2:20 PM
5/2/2024,YTZ,Toronto Island,EWR,0,163,90,Newark,6:45 AM,8:15 AM
5/2/2024,YTZ,Toronto Island,EWR,0,163,90,Newark,5:10 PM,6:40 PM
5/2/2024,YTZ,Toronto Island,EWR,0,163,90,Newark,7:55 AM,9:25 AM
5/2/2024,YTZ,Toronto Island,EWR,1,168,240,Newark,9:30 AM,1:30 PM
5/2/2024,YTZ,Toronto Island,EWR,1,168,360,Newark,11:40 AM,5:40 PM
5/2/2024,YTZ,Toronto Island,EWR,1,168,370,Newark,7:20 AM,1:30 PM
5/2/2024,YYZ,Pearson Intl,EWR,1,175,390,Newark,7:00 AM,1:30 PM
5/2/2024,YTZ,Toronto Island,EWR,0,177,90,Newark,11:00 AM,12:30 PM
5/2/2024,YTZ,Toronto Island,EWR,0,177,90,Newark,8:50 AM,10:20 AM
5/3/2024,YTZ,Toronto Island,EWR,0,163,90,Newark,7:25 PM,8:55 PM
5/3/2024,YTZ,Toronto Island,EWR,0,163,90,Newark,8:40 PM,10:10 PM
5/3/2024,YTZ,Toronto Island,EWR,0,163,90,Newark,3:00 PM,4:30 PM
5/3/2024,YTZ,Toronto Island,EWR,0,163,90,Newark,12:50 PM,2:20 PM
5/3/2024,YTZ,Toronto Island,EWR,0,163,90,Newark,5:10 PM,6:40 PM
5/3/2024,YTZ,Toronto Island,EWR,0,163,90,Newark,2:00 PM,3:30 PM
5/3/2024,YTZ,Toronto Island,EWR,0,163,90,Newark,6:45 AM,8:15 AM
5/3/2024,YTZ,Toronto Island,EWR,0,163,90,Newark,7:55 AM,9:25 AM
5/3/2024,YTZ,Toronto Island,EWR,1,168,240,Newark,9:30 AM,1:30 PM
5/3/2024,YTZ,Toronto Island,EWR,1,168,360,Newark,11:40 AM,5:40 PM
5/3/2024,YTZ,Toronto Island,EWR,1,168,370,Newark,7:20 AM,1:30 PM
5/3/2024,YYZ,Pearson Intl,EWR,1,175,390,Newark,7:00 AM,1:30 PM
5/3/2024,YTZ,Toronto Island,EWR,0,177,90,Newark,8:50 AM,10:20 AM
5/3/2024,YTZ,Toronto Island,EWR,0,179,90,Newark,10:00 AM,11:30 AM
5/4/2024,YTZ,Toronto Island,EWR,0,163,90,Newark,12:00 PM,1:30 PM
5/4/2024,YTZ,Toronto Island,EWR,0,163,90,Newark,11:00 AM,12:30 PM
5/4/2024,YTZ,Toronto Island,EWR,0,163,90,Newark,5:10 PM,6:40 PM
5/4/2024,YTZ,Toronto Island,EWR,0,163,90,Newark,2:00 PM,3:30 PM
5/4/2024,YTZ,Toronto Island,EWR,0,163,90,Newark,9:00 AM,10:30 AM
5/4/2024,YTZ,Toronto Island,EWR,1,168,215,Newark,12:55 PM,4:30 PM
5/4/2024,YTZ,Toronto Island,EWR,1,168,375,Newark,10:15 AM,4:30 PM
5/4/2024,YYZ,Pearson Intl,EWR,1,175,270,Newark,7:00 AM,11:30 AM
5/4/2024,YYZ,Pearson Intl,LGA,0,188,91,LaGuardia,7:55 AM,9:26 AM
5/4/2024,YYZ,Pearson Intl,LGA,0,188,91,LaGuardia,1:15 PM,2:46 PM
5/4/2024,YYZ,Pearson Intl,LGA,0,188,91,LaGuardia,5:15 PM,6:46 PM
5/4/2024,YYZ,Pearson Intl,LGA,0,188,91,LaGuardia,6:10 PM,7:41 PM
5/4/2024,YYZ,Pearson Intl,LGA,0,188,91,LaGuardia,8:55 PM,10:26 PM
5/4/2024,YYZ,Pearson Intl,LGA,0,188,91,LaGuardia,5:15 PM,6:46 PM
5/5/2024,YYZ,Pearson Intl,JFK,0,154,120,John F Kennedy Intl,7:45 AM,9:45 AM
5/5/2024,YTZ,Toronto Island,EWR,0,163,90,Newark,11:00 AM,12:30 PM
5/5/2024,YTZ,Toronto Island,EWR,0,163,90,Newark,3:00 PM,4:30 PM
5/5/2024,YTZ,Toronto Island,EWR,0,163,90,Newark,9:40 PM,11:10 PM
5/5/2024,YTZ,Toronto Island,EWR,0,163,90,Newark,4:10 PM,5:40 PM
5/5/2024,YTZ,Toronto Island,EWR,0,163,90,Newark,12:50 PM,2:20 PM
5/5/2024,YTZ,Toronto Island,EWR,0,163,90,Newark,8:50 AM,10:20 AM
5/5/2024,YTZ,Toronto Island,EWR,0,163,90,Newark,2:00 PM,3:30 PM
5/5/2024,YTZ,Toronto Island,EWR,0,163,90,Newark,10:00 AM,11:30 AM
5/5/2024,YTZ,Toronto Island,EWR,1,168,250,Newark,3:40 PM,7:50 PM
5/5/2024,YTZ,Toronto Island,EWR,1,168,270,Newark,9:00 AM,1:30 PM
5/5/2024,YTZ,Toronto Island,EWR,1,168,365,Newark,1:45 PM,7:50 PM
5/5/2024,YYZ,Pearson Intl,EWR,1,175,275,Newark,3:15 PM,7:50 PM
5/5/2024,YYZ,Pearson Intl,EWR,1,175,390,Newark,7:00 AM,1:30 PM
5/6/2024,YYZ,Pearson Intl,JFK,0,154,120,John F Kennedy Intl,7:45 AM,9:45 AM
5/6/2024,YTZ,Toronto Island,EWR,0,163,90,Newark,2:00 PM,3:30 PM
5/6/2024,YTZ,Toronto Island,EWR,0,163,90,Newark,12:50 PM,2:20 PM
5/6/2024,YTZ,Toronto Island,EWR,0,163,90,Newark,5:10 PM,6:40 PM
5/6/2024,YTZ,Toronto Island,EWR,0,163,90,Newark,6:45 AM,8:15 AM
5/6/2024,YTZ,Toronto Island,EWR,0,163,90,Newark,8:40 PM,10:10 PM
5/6/2024,YTZ,Toronto Island,EWR,0,163,90,Newark,11:00 AM,12:30 PM
5/6/2024,YTZ,Toronto Island,EWR,0,163,90,Newark,7:25 PM,8:55 PM
5/6/2024,YTZ,Toronto Island,EWR,0,163,90,Newark,10:00 AM,11:30 AM
5/6/2024,YTZ,Toronto Island,EWR,0,163,90,Newark,3:00 PM,4:30 PM
5/6/2024,YTZ,Toronto Island,EWR,0,163,90,Newark,7:55 AM,9:25 AM
5/6/2024,YTZ,Toronto Island,EWR,1,168,240,Newark,9:30 AM,1:30 PM
5/6/2024,YTZ,Toronto Island,EWR,1,168,360,Newark,11:40 AM,5:40 PM
5/6/2024,YTZ,Toronto Island,EWR,1,168,370,Newark,7:20 AM,1:30 PM
5/7/2024,YYZ,Pearson Intl,JFK,0,134,120,John F Kennedy Intl,7:45 AM,9:45 AM
5/7/2024,YTZ,Toronto Island,EWR,0,158,90,Newark,7:25 PM,8:55 PM
5/7/2024,YTZ,Toronto Island,EWR,0,158,90,Newark,8:40 PM,10:10 PM
5/7/2024,YTZ,Toronto Island,EWR,0,159,90,Newark,10:00 AM,11:30 AM
5/7/2024,YTZ,Toronto Island,EWR,0,159,90,Newark,5:10 PM,6:40 PM
5/7/2024,YTZ,Toronto Island,EWR,0,159,90,Newark,6:45 AM,8:15 AM
5/7/2024,YTZ,Toronto Island,EWR,0,159,90,Newark,2:00 PM,3:30 PM
5/7/2024,YTZ,Toronto Island,EWR,0,159,90,Newark,3:00 PM,4:30 PM
5/7/2024,YTZ,Toronto Island,EWR,0,159,90,Newark,11:00 AM,12:30 PM
5/7/2024,YTZ,Toronto Island,EWR,0,159,90,Newark,7:55 AM,9:25 AM
5/7/2024,YTZ,Toronto Island,EWR,0,163,90,Newark,12:50 PM,2:20 PM
5/7/2024,YTZ,Toronto Island,EWR,1,164,240,Newark,9:30 AM,1:30 PM
5/7/2024,YTZ,Toronto Island,EWR,1,164,360,Newark,11:40 AM,5:40 PM
5/7/2024,YTZ,Toronto Island,EWR,1,164,370,Newark,7:20 AM,1:30 PM
5/8/2024,YYZ,Pearson Intl,JFK,0,135,120,John F Kennedy Intl,7:45 AM,9:45 AM
5/8/2024,YTZ,Toronto Island,EWR,0,158,90,Newark,6:45 AM,8:15 AM
5/8/2024,YTZ,Toronto Island,EWR,0,158,90,Newark,12:50 PM,2:20 PM
5/8/2024,YTZ,Toronto Island,EWR,0,158,90,Newark,2:00 PM,3:30 PM
5/8/2024,YTZ,Toronto Island,EWR,0,158,90,Newark,3:00 PM,4:30 PM
5/8/2024,YTZ,Toronto Island,EWR,0,158,90,Newark,5:10 PM,6:40 PM
5/8/2024,YTZ,Toronto Island,EWR,0,158,90,Newark,7:55 AM,9:25 AM
5/8/2024,YTZ,Toronto Island,EWR,0,158,90,Newark,8:40 PM,10:10 PM
5/8/2024,YTZ,Toronto Island,EWR,0,158,90,Newark,7:25 PM,8:55 PM
5/8/2024,YTZ,Toronto Island,EWR,0,162,90,Newark,11:00 AM,12:30 PM
5/8/2024,YTZ,Toronto Island,EWR,0,162,90,Newark,10:00 AM,11:30 AM
5/8/2024,YTZ,Toronto Island,EWR,1,164,240,Newark,9:30 AM,1:30 PM
5/8/2024,YTZ,Toronto Island,EWR,1,164,360,Newark,11:40 AM,5:40 PM
5/8/2024,YTZ,Toronto Island,EWR,1,164,370,Newark,7:20 AM,1:30 PM
5/9/2024,YYZ,Pearson Intl,JFK,0,154,120,John F Kennedy Intl,7:45 AM,9:45 AM
5/9/2024,YTZ,Toronto Island,EWR,0,162,90,Newark,5:10 PM,6:40 PM
5/9/2024,YTZ,Toronto Island,EWR,0,162,90,Newark,12:50 PM,2:20 PM
5/9/2024,YTZ,Toronto Island,EWR,0,162,90,Newark,6:45 AM,8:15 AM
5/9/2024,YTZ,Toronto Island,EWR,0,162,90,Newark,11:00 AM,12:30 PM
5/9/2024,YTZ,Toronto Island,EWR,0,162,90,Newark,7:25 PM,8:55 PM
5/9/2024,YTZ,Toronto Island,EWR,0,162,90,Newark,8:40 PM,10:10 PM
5/9/2024,YTZ,Toronto Island,EWR,0,162,90,Newark,10:00 AM,11:30 AM
5/9/2024,YTZ,Toronto Island,EWR,0,162,90,Newark,2:00 PM,3:30 PM
5/9/2024,YTZ,Toronto Island,EWR,0,162,90,Newark,3:00 PM,4:30 PM
5/9/2024,YTZ,Toronto Island,EWR,1,168,240,Newark,9:30 AM,1:30 PM
5/9/2024,YTZ,Toronto Island,EWR,1,168,360,Newark,11:40 AM,5:40 PM
5/9/2024,YTZ,Toronto Island,EWR,1,168,370,Newark,7:20 AM,1:30 PM
5/9/2024,YYZ,Pearson Intl,EWR,1,175,390,Newark,7:00 AM,1:30 PM
5/10/2024,YTZ,Toronto Island,EWR,0,162,90,Newark,2:00 PM,3:30 PM
5/10/2024,YTZ,Toronto Island,EWR,0,162,90,Newark,5:10 PM,6:40 PM
5/10/2024,YTZ,Toronto Island,EWR,0,162,90,Newark,12:50 PM,2:20 PM
5/10/2024,YTZ,Toronto Island,EWR,0,162,90,Newark,6:45 AM,8:15 AM
5/10/2024,YTZ,Toronto Island,EWR,0,162,90,Newark,8:40 PM,10:10 PM
5/10/2024,YTZ,Toronto Island,EWR,0,162,90,Newark,7:25 PM,8:55 PM
5/10/2024,YTZ,Toronto Island,EWR,0,162,90,Newark,10:00 AM,11:30 AM
5/10/2024,YTZ,Toronto Island,EWR,0,162,90,Newark,3:00 PM,4:30 PM
5/10/2024,YTZ,Toronto Island,EWR,0,162,90,Newark,7:55 AM,9:25 AM
5/10/2024,YTZ,Toronto Island,EWR,1,168,240,Newark,9:30 AM,1:30 PM
5/10/2024,YTZ,Toronto Island,EWR,1,168,360,Newark,11:40 AM,5:40 PM
5/10/2024,YTZ,Toronto Island,EWR,1,168,370,Newark,7:20 AM,1:30 PM
5/10/2024,YYZ,Pearson Intl,JFK,0,175,120,John F Kennedy Intl,7:45 AM,9:45 AM
5/10/2024,YYZ,Pearson Intl,EWR,1,175,390,Newark,7:00 AM,1:30 PM
5/11/2024,YYZ,Pearson Intl,JFK,0,135,120,John F Kennedy Intl,7:45 AM,9:45 AM
5/11/2024,YTZ,Toronto Island,EWR,0,162,90,Newark,2:00 PM,3:30 PM
5/11/2024,YTZ,Toronto Island,EWR,0,162,90,Newark,5:10 PM,6:40 PM
5/11/2024,YTZ,Toronto Island,EWR,0,162,90,Newark,12:00 PM,1:30 PM
5/11/2024,YTZ,Toronto Island,EWR,0,162,90,Newark,11:00 AM,12:30 PM
5/11/2024,YTZ,Toronto Island,EWR,0,162,90,Newark,9:00 AM,10:30 AM
5/11/2024,YTZ,Toronto Island,EWR,1,168,215,Newark,12:55 PM,4:30 PM
5/11/2024,YTZ,Toronto Island,EWR,1,168,375,Newark,10:15 AM,4:30 PM
5/11/2024,YYZ,Pearson Intl,EWR,1,175,275,Newark,6:55 AM,11:30 AM
5/11/2024,YYZ,Pearson Intl,LGA,0,188,91,LaGuardia,8:55 PM,10:26 PM
5/11/2024,YYZ,Pearson Intl,LGA,0,188,91,LaGuardia,6:15 AM,7:46 AM
5/11/2024,YYZ,Pearson Intl,LGA,0,188,91,LaGuardia,2:15 PM,3:46 PM
5/11/2024,YYZ,Pearson Intl,LGA,0,188,91,LaGuardia,3:15 PM,4:46 PM
5/11/2024,YYZ,Pearson Intl,LGA,0,188,91,LaGuardia,8:55 PM,10:26 PM
5/12/2024,YYZ,Pearson Intl,JFK,0,135,120,John F Kennedy Intl,7:45 AM,9:45 AM
5/12/2024,YTZ,Toronto Island,EWR,0,162,90,Newark,2:00 PM,3:30 PM
5/12/2024,YTZ,Toronto Island,EWR,0,162,90,Newark,10:00 AM,11:30 AM
5/12/2024,YTZ,Toronto Island,EWR,0,162,90,Newark,12:50 PM,2:20 PM
5/12/2024,YTZ,Toronto Island,EWR,0,162,90,Newark,9:40 PM,11:10 PM
5/12/2024,YTZ,Toronto Island,EWR,0,162,90,Newark,11:00 AM,12:30 PM
5/12/2024,YTZ,Toronto Island,EWR,0,162,90,Newark,3:00 PM,4:30 PM
5/12/2024,YTZ,Toronto Island,EWR,0,162,90,Newark,8:50 AM,10:20 AM
5/12/2024,YTZ,Toronto Island,EWR,0,162,90,Newark,4:10 PM,5:40 PM
5/12/2024,YTZ,Toronto Island,EWR,0,162,90,Newark,7:25 PM,8:55 PM
5/12/2024,YTZ,Toronto Island,EWR,1,168,250,Newark,3:40 PM,7:50 PM
5/12/2024,YTZ,Toronto Island,EWR,1,168,270,Newark,9:00 AM,1:30 PM
5/12/2024,YYZ,Pearson Intl,EWR,1,175,275,Newark,3:15 PM,7:50 PM
5/12/2024,YYZ,Pearson Intl,LGA,0,188,104,LaGuardia,10:15 AM,11:59 AM
5/13/2024,YYZ,Pearson Intl,JFK,0,136,120,John F Kennedy Intl,7:45 AM,9:45 AM
5/13/2024,YTZ,Toronto Island,EWR,0,162,90,Newark,5:10 PM,6:40 PM
5/13/2024,YTZ,Toronto Island,EWR,0,162,90,Newark,10:00 AM,11:30 AM
5/13/2024,YTZ,Toronto Island,EWR,0,162,90,Newark,2:00 PM,3:30 PM
5/13/2024,YTZ,Toronto Island,EWR,0,162,90,Newark,8:40 PM,10:10 PM
5/13/2024,YTZ,Toronto Island,EWR,0,162,90,Newark,6:45 AM,8:15 AM
5/13/2024,YTZ,Toronto Island,EWR,0,162,90,Newark,3:00 PM,4:30 PM
5/13/2024,YTZ,Toronto Island,EWR,0,162,90,Newark,11:00 AM,12:30 PM
5/13/2024,YTZ,Toronto Island,EWR,0,162,90,Newark,7:25 PM,8:55 PM
5/13/2024,YTZ,Toronto Island,EWR,0,162,90,Newark,12:50 PM,2:20 PM
5/13/2024,YTZ,Toronto Island,EWR,0,162,90,Newark,7:55 AM,9:25 AM
5/13/2024,YTZ,Toronto Island,EWR,1,168,240,Newark,9:30 AM,1:30 PM
5/13/2024,YTZ,Toronto Island,EWR,1,168,360,Newark,11:40 AM,5:40 PM
5/13/2024,YTZ,Toronto Island,EWR,1,168,370,Newark,7:20 AM,1:30 PM
5/14/2024,YYZ,Pearson Intl,JFK,0,135,120,John F Kennedy Intl,7:45 AM,9:45 AM
5/14/2024,YTZ,Toronto Island,EWR,0,158,90,Newark,8:40 PM,10:10 PM
5/14/2024,YTZ,Toronto Island,EWR,0,158,90,Newark,10:00 AM,11:30 AM
5/14/2024,YTZ,Toronto Island,EWR,0,158,90,Newark,3:00 PM,4:30 PM
5/14/2024,YTZ,Toronto Island,EWR,0,158,90,Newark,6:45 AM,8:15 AM
5/14/2024,YTZ,Toronto Island,EWR,0,158,90,Newark,11:00 AM,12:30 PM
5/14/2024,YTZ,Toronto Island,EWR,0,158,90,Newark,2:00 PM,3:30 PM
5/14/2024,YTZ,Toronto Island,EWR,0,158,90,Newark,12:50 PM,2:20 PM
5/14/2024,YTZ,Toronto Island,EWR,0,158,90,Newark,7:25 PM,8:55 PM
5/14/2024,YTZ,Toronto Island,EWR,0,158,90,Newark,5:10 PM,6:40 PM
5/14/2024,YTZ,Toronto Island,EWR,0,158,90,Newark,7:55 AM,9:25 AM
5/14/2024,YTZ,Toronto Island,EWR,1,164,240,Newark,9:30 AM,1:30 PM
5/14/2024,YTZ,Toronto Island,EWR,1,164,360,Newark,11:40 AM,5:40 PM
5/14/2024,YTZ,Toronto Island,EWR,1,164,370,Newark,7:20 AM,1:30 PM
5/15/2024,YYZ,Pearson Intl,JFK,0,154,120,John F Kennedy Intl,7:45 AM,9:45 AM
5/15/2024,YTZ,Toronto Island,EWR,0,158,90,Newark,11:00 AM,12:30 PM
5/15/2024,YTZ,Toronto Island,EWR,0,158,90,Newark,12:50 PM,2:20 PM
5/15/2024,YTZ,Toronto Island,EWR,0,158,90,Newark,2:00 PM,3:30 PM
5/15/2024,YTZ,Toronto Island,EWR,0,158,90,Newark,7:25 PM,8:55 PM
5/15/2024,YTZ,Toronto Island,EWR,0,158,90,Newark,6:45 AM,8:15 AM
5/15/2024,YTZ,Toronto Island,EWR,0,158,90,Newark,8:40 PM,10:10 PM
5/15/2024,YTZ,Toronto Island,EWR,0,158,90,Newark,5:10 PM,6:40 PM
5/15/2024,YTZ,Toronto Island,EWR,0,158,90,Newark,10:00 AM,11:30 AM
5/15/2024,YTZ,Toronto Island,EWR,0,158,90,Newark,3:00 PM,4:30 PM
5/15/2024,YTZ,Toronto Island,EWR,0,162,90,Newark,7:55 AM,9:25 AM
5/15/2024,YTZ,Toronto Island,EWR,1,164,360,Newark,11:40 AM,5:40 PM
5/15/2024,YTZ,Toronto Island,EWR,1,164,370,Newark,7:20 AM,1:30 PM
5/15/2024,YTZ,Toronto Island,EWR,1,168,240,Newark,9:30 AM,1:30 PM
5/16/2024,YYZ,Pearson Intl,JFK,0,195,120,John F Kennedy Intl,7:45 AM,9:45 AM
5/16/2024,YYZ,Pearson Intl,LGA,0,197,103,LaGuardia,6:30 AM,8:13 AM
5/16/2024,YTZ,Toronto Island,EWR,0,209,90,Newark,6:45 AM,8:15 AM
5/16/2024,YTZ,Toronto Island,EWR,1,213,240,Newark,9:30 AM,1:30 PM
5/16/2024,YTZ,Toronto Island,EWR,1,213,370,Newark,7:20 AM,1:30 PM
5/16/2024,YYZ,Pearson Intl,EWR,1,247,215,Newark,9:55 AM,1:30 PM
5/16/2024,YYZ,Pearson Intl,EWR,1,247,375,Newark,7:15 AM,1:30 PM
5/16/2024,YYZ,Pearson Intl,EWR,1,260,395,Newark,6:55 AM,1:30 PM
5/16/2024,YYZ,Pearson Intl,EWR,0,268,95,Newark,6:30 AM,8:05 AM
5/16/2024,YYZ,Pearson Intl,LGA,0,268,95,LaGuardia,3:15 PM,4:50 PM
5/16/2024,YYZ,Pearson Intl,EWR,0,268,95,Newark,6:30 AM,8:05 AM
5/16/2024,YYZ,Pearson Intl,JFK,0,268,104,John F Kennedy Intl,7:25 AM,9:09 AM
5/16/2024,YYZ,Pearson Intl,LGA,0,268,105,LaGuardia,6:55 PM,8:40 PM
5/16/2024,YTZ,Toronto Island,EWR,1,270,360,Newark,11:40 AM,5:40 PM
5/17/2024,YTZ,Toronto Island,EWR,0,209,90,Newark,8:40 PM,10:10 PM
5/17/2024,YYZ,Pearson Intl,JFK,0,255,120,John F Kennedy Intl,7:45 AM,9:45 AM
5/17/2024,YYZ,Pearson Intl,LGA,0,268,105,LaGuardia,6:55 PM,8:40 PM
5/17/2024,YYZ,Pearson Intl,LGA,0,296,91,LaGuardia,8:55 PM,10:26 PM
5/17/2024,YYZ,Pearson Intl,JFK,0,296,108,John F Kennedy Intl,8:30 PM,10:18 PM
5/17/2024,YYZ,Pearson Intl,JFK,0,296,108,John F Kennedy Intl,8:30 PM,10:18 PM
5/17/2024,YTZ,Toronto Island,EWR,0,303,90,Newark,7:25 PM,8:55 PM
5/17/2024,YTZ,Toronto Island,EWR,0,303,90,Newark,5:10 PM,6:40 PM
5/17/2024,YYZ,Pearson Intl,LGA,0,304,105,LaGuardia,6:55 PM,8:40 PM
5/17/2024,YYZ,Pearson Intl,EWR,0,313,95,Newark,6:30 AM,8:05 AM
5/17/2024,YYZ,Pearson Intl,EWR,0,313,99,Newark,5:00 PM,6:39 PM
5/17/2024,YYZ,Pearson Intl,EWR,0,313,99,Newark,5:00 PM,6:39 PM
5/17/2024,YYZ,Pearson Intl,EWR,0,313,103,Newark,2:00 PM,3:43 PM
5/17/2024,YYZ,Pearson Intl,EWR,0,313,103,Newark,2:00 PM,3:43 PM
5/18/2024,YYZ,Pearson Intl,LGA,0,197,91,LaGuardia,8:55 PM,10:26 PM
5/18/2024,YYZ,Pearson Intl,LGA,0,197,95,LaGuardia,7:25 PM,9:00 PM
5/18/2024,YYZ,Pearson Intl,LGA,0,197,95,LaGuardia,12:45 PM,2:20 PM
5/18/2024,YTZ,Toronto Island,EWR,0,204,90,Newark,5:10 PM,6:40 PM
5/18/2024,YTZ,Toronto Island,EWR,1,209,215,Newark,12:55 PM,4:30 PM
5/18/2024,YTZ,Toronto Island,EWR,1,209,375,Newark,10:15 AM,4:30 PM
5/18/2024,YYZ,Pearson Intl,LGA,1,211,236,LaGuardia,3:54 PM,7:50 PM
5/18/2024,YYZ,Pearson Intl,LGA,1,211,322,LaGuardia,3:54 PM,9:16 PM
5/18/2024,YYZ,Pearson Intl,JFK,0,215,120,John F Kennedy Intl,7:45 AM,9:45 AM
5/18/2024,YYZ,Pearson Intl,EWR,1,221,275,Newark,6:55 AM,11:30 AM
5/18/2024,YYZ,Pearson Intl,LGA,0,227,91,LaGuardia,5:15 PM,6:46 PM
5/18/2024,YYZ,Pearson Intl,LGA,0,227,91,LaGuardia,6:10 PM,7:41 PM
5/18/2024,YYZ,Pearson Intl,LGA,0,231,103,LaGuardia,6:30 AM,8:13 AM
5/18/2024,YYZ,Pearson Intl,EWR,1,231,390,Newark,10:00 AM,4:30 PM
5/19/2024,YYZ,Pearson Intl,JFK,0,135,120,John F Kennedy Intl,7:45 AM,9:45 AM
5/19/2024,YYZ,Pearson Intl,LGA,0,197,95,LaGuardia,7:00 AM,8:35 AM
5/19/2024,YYZ,Pearson Intl,LGA,0,197,104,LaGuardia,7:59 AM,9:43 AM
5/19/2024,YTZ,Toronto Island,EWR,0,204,90,Newark,11:00 AM,12:30 PM
5/19/2024,YTZ,Toronto Island,EWR,0,204,90,Newark,12:50 PM,2:20 PM
5/19/2024,YTZ,Toronto Island,EWR,0,204,90,Newark,7:25 PM,8:55 PM
5/19/2024,YTZ,Toronto Island,EWR,0,204,90,Newark,10:00 AM,11:30 AM
5/19/2024,YTZ,Toronto Island,EWR,0,204,90,Newark,8:50 AM,10:20 AM
5/19/2024,YTZ,Toronto Island,EWR,0,204,90,Newark,2:00 PM,3:30 PM
5/19/2024,YTZ,Toronto Island,EWR,0,204,90,Newark,4:10 PM,5:40 PM
5/19/2024,YTZ,Toronto Island,EWR,0,204,90,Newark,9:40 PM,11:10 PM
5/19/2024,YTZ,Toronto Island,EWR,0,204,90,Newark,3:00 PM,4:30 PM
5/19/2024,YTZ,Toronto Island,EWR,1,209,250,Newark,3:40 PM,7:50 PM
5/19/2024,YTZ,Toronto Island,EWR,1,209,270,Newark,9:00 AM,1:30 PM
5/20/2024,YYZ,Pearson Intl,JFK,0,135,120,John F Kennedy Intl,7:45 AM,9:45 AM
5/20/2024,YYZ,Pearson Intl,LGA,0,197,91,LaGuardia,8:55 PM,10:26 PM
5/20/2024,YYZ,Pearson Intl,LGA,0,197,95,LaGuardia,7:00 AM,8:35 AM
5/20/2024,YYZ,Pearson Intl,LGA,0,197,103,LaGuardia,6:30 AM,8:13 AM
5/20/2024,YYZ,Pearson Intl,LGA,0,197,104,LaGuardia,7:59 AM,9:43 AM
5/20/2024,YYZ,Pearson Intl,JFK,0,197,104,John F Kennedy Intl,7:25 AM,9:09 AM
5/20/2024,YTZ,Toronto Island,EWR,0,204,90,Newark,5:10 PM,6:40 PM
5/20/2024,YTZ,Toronto Island,EWR,0,204,90,Newark,6:45 AM,8:15 AM
5/20/2024,YTZ,Toronto Island,EWR,0,204,90,Newark,2:00 PM,3:30 PM
5/20/2024,YTZ,Toronto Island,EWR,0,204,90,Newark,12:50 PM,2:20 PM
5/20/2024,YTZ,Toronto Island,EWR,0,204,90,Newark,7:25 PM,8:55 PM
5/20/2024,YTZ,Toronto Island,EWR,0,204,90,Newark,10:00 AM,11:30 AM
5/20/2024,YTZ,Toronto Island,EWR,0,204,90,Newark,3:00 PM,4:30 PM
5/20/2024,YTZ,Toronto Island,EWR,0,204,90,Newark,11:00 AM,12:30 PM
5/21/2024,YYZ,Pearson Intl,JFK,0,135,120,John F Kennedy Intl,7:45 AM,9:45 AM
5/21/2024,YTZ,Toronto Island,EWR,0,178,90,Newark,5:10 PM,6:40 PM
5/21/2024,YTZ,Toronto Island,EWR,0,178,90,Newark,6:45 AM,8:15 AM
5/21/2024,YTZ,Toronto Island,EWR,0,178,90,Newark,10:00 AM,11:30 AM
5/21/2024,YTZ,Toronto Island,EWR,0,178,90,Newark,2:00 PM,3:30 PM
5/21/2024,YTZ,Toronto Island,EWR,0,178,90,Newark,7:25 PM,8:55 PM
5/21/2024,YTZ,Toronto Island,EWR,0,178,90,Newark,3:00 PM,4:30 PM
5/21/2024,YTZ,Toronto Island,EWR,0,178,90,Newark,11:00 AM,12:30 PM
5/21/2024,YTZ,Toronto Island,EWR,0,178,90,Newark,8:40 PM,10:10 PM
5/21/2024,YTZ,Toronto Island,EWR,0,178,90,Newark,12:50 PM,2:20 PM
5/21/2024,YTZ,Toronto Island,EWR,0,178,90,Newark,7:55 AM,9:25 AM
5/21/2024,YTZ,Toronto Island,EWR,1,184,240,Newark,9:30 AM,1:30 PM
5/21/2024,YTZ,Toronto Island,EWR,1,184,360,Newark,11:40 AM,5:40 PM
5/21/2024,YTZ,Toronto Island,EWR,1,184,370,Newark,7:20 AM,1:30 PM
5/22/2024,YYZ,Pearson Intl,JFK,0,135,120,John F Kennedy Intl,7:45 AM,9:45 AM
5/22/2024,YTZ,Toronto Island,EWR,0,178,90,Newark,7:25 PM,8:55 PM
5/22/2024,YTZ,Toronto Island,EWR,0,178,90,Newark,12:50 PM,2:20 PM
5/22/2024,YTZ,Toronto Island,EWR,0,178,90,Newark,2:00 PM,3:30 PM
5/22/2024,YTZ,Toronto Island,EWR,0,178,90,Newark,3:00 PM,4:30 PM
5/22/2024,YTZ,Toronto Island,EWR,0,178,90,Newark,5:10 PM,6:40 PM
5/22/2024,YTZ,Toronto Island,EWR,0,178,90,Newark,11:00 AM,12:30 PM
5/22/2024,YTZ,Toronto Island,EWR,0,178,90,Newark,6:45 AM,8:15 AM
5/22/2024,YTZ,Toronto Island,EWR,0,178,90,Newark,8:40 PM,10:10 PM
5/22/2024,YTZ,Toronto Island,EWR,0,178,90,Newark,10:00 AM,11:30 AM
5/22/2024,YTZ,Toronto Island,EWR,0,178,90,Newark,7:55 AM,9:25 AM
5/22/2024,YTZ,Toronto Island,EWR,1,184,240,Newark,9:30 AM,1:30 PM
5/22/2024,YTZ,Toronto Island,EWR,1,184,360,Newark,11:40 AM,5:40 PM
5/22/2024,YTZ,Toronto Island,EWR,1,184,370,Newark,7:20 AM,1:30 PM
5/23/2024,YYZ,Pearson Intl,JFK,0,155,120,John F Kennedy Intl,7:45 AM,9:45 AM
5/23/2024,YTZ,Toronto Island,EWR,0,193,90,Newark,7:25 PM,8:55 PM
5/23/2024,YTZ,Toronto Island,EWR,0,193,90,Newark,10:00 AM,11:30 AM
5/23/2024,YTZ,Toronto Island,EWR,0,193,90,Newark,5:10 PM,6:40 PM
5/23/2024,YTZ,Toronto Island,EWR,0,193,90,Newark,6:45 AM,8:15 AM
5/23/2024,YTZ,Toronto Island,EWR,0,193,90,Newark,2:00 PM,3:30 PM
5/23/2024,YTZ,Toronto Island,EWR,0,193,90,Newark,12:50 PM,2:20 PM
5/23/2024,YTZ,Toronto Island,EWR,0,193,90,Newark,3:00 PM,4:30 PM
5/23/2024,YTZ,Toronto Island,EWR,0,193,90,Newark,8:40 PM,10:10 PM
5/23/2024,YTZ,Toronto Island,EWR,0,193,90,Newark,11:00 AM,12:30 PM
5/23/2024,YTZ,Toronto Island,EWR,0,193,90,Newark,7:55 AM,9:25 AM
5/23/2024,YYZ,Pearson Intl,LGA,0,197,91,LaGuardia,5:15 PM,6:46 PM
5/23/2024,YYZ,Pearson Intl,LGA,0,197,91,LaGuardia,8:55 PM,10:26 PM
5/23/2024,YYZ,Pearson Intl,LGA,0,197,91,LaGuardia,5:15 PM,6:46 PM
5/24/2024,YYZ,Pearson Intl,JFK,0,175,120,John F Kennedy Intl,7:45 AM,9:45 AM
5/24/2024,YTZ,Toronto Island,EWR,0,193,90,Newark,5:10 PM,6:40 PM
5/24/2024,YTZ,Toronto Island,EWR,0,193,90,Newark,12:50 PM,2:20 PM
5/24/2024,YTZ,Toronto Island,EWR,0,193,90,Newark,2:00 PM,3:30 PM
5/24/2024,YTZ,Toronto Island,EWR,0,193,90,Newark,8:40 PM,10:10 PM
5/24/2024,YTZ,Toronto Island,EWR,0,193,90,Newark,7:25 PM,8:55 PM
5/24/2024,YTZ,Toronto Island,EWR,0,193,90,Newark,3:00 PM,4:30 PM
5/24/2024,YYZ,Pearson Intl,LGA,0,197,91,LaGuardia,8:55 PM,10:26 PM
5/24/2024,YYZ,Pearson Intl,LGA,0,197,103,LaGuardia,6:30 AM,8:13 AM
5/24/2024,YYZ,Pearson Intl,LGA,0,197,104,LaGuardia,7:59 AM,9:43 AM
5/24/2024,YYZ,Pearson Intl,JFK,0,197,104,John F Kennedy Intl,7:25 AM,9:09 AM
5/24/2024,YTZ,Toronto Island,EWR,1,199,240,Newark,9:30 AM,1:30 PM
5/24/2024,YTZ,Toronto Island,EWR,1,199,360,Newark,11:40 AM,5:40 PM
5/24/2024,YTZ,Toronto Island,EWR,1,199,370,Newark,7:20 AM,1:30 PM
5/25/2024,YYZ,Pearson Intl,JFK,0,154,120,John F Kennedy Intl,7:45 AM,9:45 AM
5/25/2024,YTZ,Toronto Island,EWR,0,193,90,Newark,11:00 AM,12:30 PM
5/25/2024,YTZ,Toronto Island,EWR,0,193,90,Newark,5:10 PM,6:40 PM
5/25/2024,YTZ,Toronto Island,EWR,0,193,90,Newark,12:00 PM,1:30 PM
5/25/2024,YTZ,Toronto Island,EWR,0,193,90,Newark,2:00 PM,3:30 PM
5/25/2024,YTZ,Toronto Island,EWR,0,193,90,Newark,9:00 AM,10:30 AM
5/25/2024,YYZ,Pearson Intl,LGA,0,197,91,LaGuardia,6:10 PM,7:41 PM
5/25/2024,YYZ,Pearson Intl,LGA,0,197,91,LaGuardia,7:15 PM,8:46 PM
5/25/2024,YYZ,Pearson Intl,LGA,0,197,91,LaGuardia,7:55 AM,9:26 AM
5/25/2024,YYZ,Pearson Intl,LGA,0,197,91,LaGuardia,5:15 PM,6:46 PM
5/25/2024,YYZ,Pearson Intl,LGA,0,197,91,LaGuardia,1:15 PM,2:46 PM
5/25/2024,YYZ,Pearson Intl,LGA,0,197,91,LaGuardia,8:55 PM,10:26 PM
5/25/2024,YYZ,Pearson Intl,LGA,0,197,91,LaGuardia,6:15 AM,7:46 AM
5/25/2024,YYZ,Pearson Intl,LGA,0,197,91,LaGuardia,8:55 PM,10:26 PM
5/26/2024,YTO,Union Station,NYC,,139,120,Port Authority,9:00 PM,7:55 am+1
5/26/2024,YYZ,Pearson Intl,JFK,,155,90,John F Kennedy Intl,7:45 AM,9:45 AM
5/26/2024,YTZ,Toronto Island,EWR,0,193,90,Newark,7:25 PM,8:55 PM
5/26/2024,YTZ,Toronto Island,EWR,0,193,90,Newark,9:40 PM,11:10 PM
5/26/2024,YTZ,Toronto Island,EWR,0,193,90,Newark,2:00 PM,3:30 PM
5/26/2024,YTZ,Toronto Island,EWR,0,193,90,Newark,8:50 AM,10:20 AM
5/26/2024,YTZ,Toronto Island,EWR,0,193,90,Newark,10:00 AM,11:30 AM
5/26/2024,YTZ,Toronto Island,EWR,0,193,90,Newark,11:00 AM,12:30 PM
5/26/2024,YTZ,Toronto Island,EWR,0,193,90,Newark,12:50 PM,2:20 PM
5/26/2024,YTZ,Toronto Island,EWR,0,193,95,Newark,3:00 PM,4:30 PM
5/26/2024,YYZ,Pearson Intl,LGA,0,197,104,LaGuardia,7:00 AM,8:35 AM
5/26/2024,YYZ,Pearson Intl,JFK,0,197,250,John F Kennedy Intl,7:25 AM,9:09 AM
5/26/2024,YTZ,Toronto Island,EWR,0,199,270,Newark,3:40 PM,7:50 PM
5/27/2024,YTZ,Toronto Island,EWR,0,193,90,Newark,6:45 AM,8:15 AM
5/27/2024,YYZ,Pearson Intl,LGA,0,197,91,LaGuardia,5:15 PM,6:46 PM
5/27/2024,YYZ,Pearson Intl,LGA,0,197,103,LaGuardia,6:30 AM,8:13 AM
5/27/2024,YTZ,Toronto Island,EWR,1,199,240,Newark,9:30 AM,1:30 PM
5/27/2024,YTZ,Toronto Island,EWR,1,199,360,Newark,11:40 AM,5:40 PM
5/27/2024,YTZ,Toronto Island,EWR,1,199,370,Newark,7:20 AM,1:30 PM
5/27/2024,YTZ,Toronto Island,EWR,0,209,90,Newark,7:55 AM,9:25 AM
5/27/2024,YTZ,Toronto Island,EWR,0,223,90,Newark,8:50 AM,10:20 AM
5/27/2024,YTZ,Toronto Island,EWR,0,231,90,Newark,3:00 PM,4:30 PM
5/27/2024,YYZ,Pearson Intl,EWR,1,231,215,Newark,9:55 AM,1:30 PM
5/27/2024,YYZ,Pearson Intl,EWR,1,231,375,Newark,7:15 AM,1:30 PM
5/27/2024,YYZ,Pearson Intl,EWR,0,233,96,Newark,6:30 AM,8:06 AM
5/27/2024,YTZ,Toronto Island,EWR,0,236,90,Newark,12:50 PM,2:20 PM
5/27/2024,YYZ,Pearson Intl,EWR,1,245,395,Newark,6:55 AM,1:30 PM
5/28/2024,YYZ,Pearson Intl,JFK,0,135,120,John F Kennedy Intl,7:45 AM,9:45 AM
5/28/2024,YTZ,Toronto Island,EWR,0,180,90,Newark,10:00 AM,11:30 AM
5/28/2024,YTZ,Toronto Island,EWR,0,180,90,Newark,6:45 AM,8:15 AM
5/28/2024,YTZ,Toronto Island,EWR,0,180,90,Newark,7:55 AM,9:25 AM
5/28/2024,YTZ,Toronto Island,EWR,0,191,90,Newark,7:25 PM,8:55 PM
5/28/2024,YTZ,Toronto Island,EWR,0,191,90,Newark,3:00 PM,4:30 PM
5/28/2024,YTZ,Toronto Island,EWR,0,191,90,Newark,11:00 AM,12:30 PM
5/28/2024,YTZ,Toronto Island,EWR,0,191,90,Newark,12:50 PM,2:20 PM
5/28/2024,YTZ,Toronto Island,EWR,0,191,90,Newark,2:00 PM,3:30 PM
5/28/2024,YTZ,Toronto Island,EWR,0,191,90,Newark,5:10 PM,6:40 PM
5/28/2024,YTZ,Toronto Island,EWR,0,191,90,Newark,8:50 AM,10:20 AM
5/28/2024,YTZ,Toronto Island,EWR,0,191,90,Newark,8:40 PM,10:10 PM
5/28/2024,YYZ,Pearson Intl,LGA,0,197,91,LaGuardia,8:55 PM,10:26 PM
5/28/2024,YYZ,Pearson Intl,LGA,0,197,91,LaGuardia,5:15 PM,6:46 PM
5/29/2024,YYZ,Pearson Intl,JFK,0,135,120,John F Kennedy Intl,7:45 AM,9:45 AM
5/29/2024,YTZ,Toronto Island,EWR,0,177,90,Newark,2:00 PM,3:30 PM
5/29/2024,YTZ,Toronto Island,EWR,0,177,90,Newark,5:10 PM,6:40 PM
5/29/2024,YTZ,Toronto Island,EWR,0,177,90,Newark,6:45 AM,8:15 AM
5/29/2024,YTZ,Toronto Island,EWR,0,177,90,Newark,12:50 PM,2:20 PM
5/29/2024,YTZ,Toronto Island,EWR,0,177,90,Newark,8:40 PM,10:10 PM
5/29/2024,YTZ,Toronto Island,EWR,0,177,90,Newark,11:00 AM,12:30 PM
5/29/2024,YTZ,Toronto Island,EWR,0,177,90,Newark,3:00 PM,4:30 PM
5/29/2024,YTZ,Toronto Island,EWR,0,177,90,Newark,7:25 PM,8:55 PM
5/29/2024,YTZ,Toronto Island,EWR,0,177,90,Newark,10:00 AM,11:30 AM
5/29/2024,YTZ,Toronto Island,EWR,0,177,90,Newark,7:55 AM,9:25 AM
5/29/2024,YTZ,Toronto Island,EWR,1,184,240,Newark,9:30 AM,1:30 PM
5/29/2024,YTZ,Toronto Island,EWR,1,184,360,Newark,11:40 AM,5:40 PM
5/29/2024,YTZ,Toronto Island,EWR,1,184,370,Newark,7:20 AM,1:30 PM
5/30/2024,YYZ,Pearson Intl,JFK,0,135,120,John F Kennedy Intl,7:45 AM,9:45 AM
5/30/2024,YTZ,Toronto Island,EWR,0,193,90,Newark,3:00 PM,4:30 PM
5/30/2024,YTZ,Toronto Island,EWR,0,193,90,Newark,7:25 PM,8:55 PM
5/30/2024,YTZ,Toronto Island,EWR,0,193,90,Newark,5:10 PM,6:40 PM
5/30/2024,YTZ,Toronto Island,EWR,0,193,90,Newark,6:45 AM,8:15 AM
5/30/2024,YTZ,Toronto Island,EWR,0,193,90,Newark,8:40 PM,10:10 PM
5/30/2024,YTZ,Toronto Island,EWR,0,193,90,Newark,2:00 PM,3:30 PM
5/30/2024,YTZ,Toronto Island,EWR,0,193,90,Newark,12:50 PM,2:20 PM
5/30/2024,YTZ,Toronto Island,EWR,0,193,90,Newark,7:55 AM,9:25 AM
5/30/2024,YYZ,Pearson Intl,LGA,0,197,91,LaGuardia,5:15 PM,6:46 PM
5/30/2024,YYZ,Pearson Intl,LGA,0,197,91,LaGuardia,8:55 PM,10:26 PM
5/30/2024,YYZ,Pearson Intl,LGA,0,197,91,LaGuardia,2:15 PM,3:46 PM
5/30/2024,YYZ,Pearson Intl,LGA,0,197,95,LaGuardia,7:00 AM,8:35 AM
5/30/2024,YYZ,Pearson Intl,LGA,0,197,95,LaGuardia,3:15 PM,4:50 PM
5/31/2024,YYZ,Pearson Intl,JFK,0,174,120,John F Kennedy Intl,7:45 AM,9:45 AM
5/31/2024,YTZ,Toronto Island,EWR,0,193,90,Newark,2:00 PM,3:30 PM
5/31/2024,YTZ,Toronto Island,EWR,0,193,90,Newark,5:10 PM,6:40 PM
5/31/2024,YTZ,Toronto Island,EWR,0,193,90,Newark,6:45 AM,8:15 AM
5/31/2024,YTZ,Toronto Island,EWR,0,193,90,Newark,10:00 AM,11:30 AM
5/31/2024,YTZ,Toronto Island,EWR,0,193,90,Newark,3:00 PM,4:30 PM
5/31/2024,YTZ,Toronto Island,EWR,0,193,90,Newark,7:25 PM,8:55 PM
5/31/2024,YTZ,Toronto Island,EWR,0,193,90,Newark,12:50 PM,2:20 PM
5/31/2024,YTZ,Toronto Island,EWR,0,193,90,Newark,8:40 PM,10:10 PM
5/31/2024,YYZ,Pearson Intl,LGA,0,197,91,LaGuardia,8:55 PM,10:26 PM
5/31/2024,YYZ,Pearson Intl,LGA,0,197,95,LaGuardia,7:00 AM,8:35 AM
5/31/2024,YYZ,Pearson Intl,LGA,0,197,103,LaGuardia,6:30 AM,8:13 AM
5/31/2024,YYZ,Pearson Intl,LGA,0,197,104,LaGuardia,5:00 PM,6:44 PM
5/31/2024,YYZ,Pearson Intl,LGA,0,197,105,LaGuardia,6:55 PM,8:40 PM
6/1/2024,YYZ,Pearson Intl,JFK,0,155,120,John F Kennedy Intl,7:45 AM,9:45 AM
6/1/2024,YTZ,Toronto Island,EWR,0,193,90,Newark,12:00 PM,1:30 PM
6/1/2024,YTZ,Toronto Island,EWR,0,193,90,Newark,5:10 PM,6:40 PM
6/1/2024,YTZ,Toronto Island,EWR,0,193,90,Newark,11:00 AM,12:30 PM
6/1/2024,YTZ,Toronto Island,EWR,0,193,90,Newark,2:00 PM,3:30 PM
6/1/2024,YYZ,Pearson Intl,LGA,0,197,91,LaGuardia,5:15 PM,6:46 PM
6/1/2024,YYZ,Pearson Intl,LGA,0,197,91,LaGuardia,8:55 PM,10:26 PM
6/1/2024,YYZ,Pearson Intl,LGA,0,197,91,LaGuardia,7:15 PM,8:46 PM
6/1/2024,YYZ,Pearson Intl,LGA,0,197,91,LaGuardia,6:10 PM,7:41 PM
6/1/2024,YYZ,Pearson Intl,LGA,0,197,91,LaGuardia,3:15 PM,4:46 PM
6/1/2024,YYZ,Pearson Intl,LGA,0,197,91,LaGuardia,6:15 AM,7:46 AM
6/1/2024,YYZ,Pearson Intl,LGA,0,197,95,LaGuardia,7:00 AM,8:35 AM
6/1/2024,YYZ,Pearson Intl,LGA,0,197,95,LaGuardia,3:15 PM,4:50 PM
6/1/2024,YYZ,Pearson Intl,LGA,0,197,95,LaGuardia,12:45 PM,2:20 PM
6/2/2024,YYZ,Pearson Intl,JFK,0,154,120,John F Kennedy Intl,7:45 AM,9:45 AM
6/2/2024,YTZ,Toronto Island,EWR,0,193,90,Newark,12:50 PM,2:20 PM
6/2/2024,YTZ,Toronto Island,EWR,0,193,90,Newark,2:00 PM,3:30 PM
6/2/2024,YTZ,Toronto Island,EWR,0,193,90,Newark,8:50 AM,10:20 AM
6/2/2024,YTZ,Toronto Island,EWR,0,193,90,Newark,7:25 PM,8:55 PM
6/2/2024,YTZ,Toronto Island,EWR,0,193,90,Newark,10:00 AM,11:30 AM
6/2/2024,YTZ,Toronto Island,EWR,0,193,90,Newark,3:00 PM,4:30 PM
6/2/2024,YTZ,Toronto Island,EWR,0,193,90,Newark,9:40 PM,11:10 PM
6/2/2024,YTZ,Toronto Island,EWR,0,193,90,Newark,11:00 AM,12:30 PM
6/2/2024,YTZ,Toronto Island,EWR,0,193,90,Newark,4:10 PM,5:40 PM
6/2/2024,YTZ,Toronto Island,EWR,1,199,250,Newark,3:40 PM,7:50 PM
6/2/2024,YTZ,Toronto Island,EWR,1,199,270,Newark,9:00 AM,1:30 PM
6/2/2024,YYZ,Pearson Intl,EWR,0,233,95,Newark,6:30 AM,8:05 AM
6/2/2024,YYZ,Pearson Intl,EWR,0,233,96,Newark,4:00 PM,5:36 PM
6/2/2024,YYZ,Pearson Intl,EWR,0,233,99,Newark,8:30 AM,10:09 AM
6/2/2024,YYZ,Pearson Intl,EWR,0,233,96,Newark,4:00 PM,5:36 PM
6/2/2024,YYZ,Pearson Intl,EWR,0,233,99,Newark,8:30 AM,10:09 AM
6/2/2024,YYZ,Pearson Intl,EWR,0,233,102,Newark,9:30 AM,11:12 AM
6/2/2024,YYZ,Pearson Intl,EWR,0,233,103,Newark,7:30 AM,9:13 AM
6/2/2024,YYZ,Pearson Intl,EWR,0,233,110,Newark,8:00 PM,9:50 PM
6/2/2024,YYZ,Pearson Intl,LGA,0,243,95,LaGuardia,7:00 AM,8:35 AM
6/2/2024,YYZ,Pearson Intl,LGA,0,248,91,LaGuardia,8:55 PM,10:26 PM
6/2/2024,YYZ,Pearson Intl,LGA,0,248,91,LaGuardia,8:55 PM,10:26 PM
6/2/2024,YYZ,Pearson Intl,LGA,0,248,94,LaGuardia,9:10 AM,10:44 AM
6/2/2024,YYZ,Pearson Intl,JFK,0,259,120,John F Kennedy Intl,7:45 AM,9:45 AM
6/2/2024,YYZ,Pearson Intl,EWR,0,268,99,Newark,5:00 PM,6:39 PM
6/2/2024,YYZ,Pearson Intl,EWR,0,268,99,Newark,8:30 AM,10:09 AM
6/2/2024,YYZ,Pearson Intl,EWR,0,268,102,Newark,9:30 AM,11:12 AM
6/2/2024,YYZ,Pearson Intl,EWR,0,268,103,Newark,7:30 AM,9:13 AM
6/2/2024,YYZ,Pearson Intl,LGA,0,268,104,LaGuardia,7:59 AM,9:43 AM
6/2/2024,YYZ,Pearson Intl,LGA,0,268,105,LaGuardia,6:55 PM,8:40 PM
6/2/2024,YYZ,Pearson Intl,EWR,0,268,108,Newark,12:45 PM,2:33 PM
6/2/2024,YYZ,Pearson Intl,EWR,0,268,108,Newark,12:45 PM,2:33 PM
6/2/2024,YYZ,Pearson Intl,EWR,0,268,110,Newark,8:00 PM,9:50 PM
6/2/2024,YYZ,Pearson Intl,EWR,0,268,110,Newark,7:10 PM,9:00 PM
6/2/2024,YYZ,Pearson Intl,LGA,0,275,91,LaGuardia,6:10 PM,7:41 PM
6/2/2024,YYZ,Pearson Intl,LGA,0,275,91,LaGuardia,5:15 PM,6:46 PM
6/2/2024,YYZ,Pearson Intl,LGA,0,275,91,LaGuardia,5:15 PM,6:46 PM
6/2/2024,YYZ,Pearson Intl,LGA,0,275,91,LaGuardia,6:10 PM,7:41 PM
6/2/2024,YYZ,Pearson Intl,JFK,0,275,108,John F Kennedy Intl,8:30 PM,10:18 PM
6/2/2024,YYZ,Pearson Intl,JFK,0,275,108,John F Kennedy Intl,8:30 PM,10:18 PM
6/2/2024,YYZ,Pearson Intl,LGA,0,280,104,LaGuardia,7:59 AM,9:43 AM
6/2/2024,YYZ,Pearson Intl,EWR,0,281,104,Newark,10:45 AM,12:29 PM
6/2/2024,YYZ,Pearson Intl,EWR,0,286,99,Newark,2:00 PM,3:39 PM
6/2/2024,YYZ,Pearson Intl,EWR,0,286,99,Newark,11:30 AM,1:09 PM
6/2/2024,YYZ,Pearson Intl,EWR,0,286,104,Newark,10:45 AM,12:29 PM
6/2/2024,YYZ,Pearson Intl,LGA,0,296,91,LaGuardia,1:15 PM,2:46 PM
6/2/2024,YYZ,Pearson Intl,LGA,0,296,91,LaGuardia,7:55 AM,9:26 AM
6/2/2024,YYZ,Pearson Intl,JFK,0,296,105,John F Kennedy Intl,1:15 PM,3:00 PM
6/2/2024,YYZ,Pearson Intl,EWR,0,307,99,Newark,8:30 AM,10:09 AM
6/2/2024,YYZ,Pearson Intl,LGA,0,308,105,LaGuardia,6:55 PM,8:40 PM
6/2/2024,YYZ,Pearson Intl,LGA,0,314,91,LaGuardia,6:10 PM,7:41 PM
6/2/2024,YYZ,Pearson Intl,LGA,0,314,91,LaGuardia,5:15 PM,6:46 PM
6/2/2024,YYZ,Pearson Intl,JFK,0,314,108,John F Kennedy Intl,8:30 PM,10:18 PM
6/2/2024,YKF,Kitchener-Waterloo,EWR,1,317,294,Newark,5:15 AM,10:09 AM
6/2/2024,YYZ,Pearson Intl,EWR,1,320,429,Newark,6:15 AM,1:24 PM
6/2/2024,YYZ,Pearson Intl,LGA,0,323,91,LaGuardia,2:15 PM,3:46 PM
6/2/2024,YYZ,Pearson Intl,EWR,0,332,108,Newark,3:00 PM,4:48 PM
6/2/2024,YYZ,Pearson Intl,JFK,0,334,116,John F Kennedy Intl,6:04 AM,8:00 AM
6/3/2024,YYZ,Pearson Intl,JFK,0,128,120,John F Kennedy Intl,7:45 AM,9:45 AM
6/3/2024,YTZ,Toronto Island,EWR,0,193,90,Newark,5:10 PM,6:40 PM
6/3/2024,YTZ,Toronto Island,EWR,0,193,90,Newark,10:00 AM,11:30 AM
6/3/2024,YTZ,Toronto Island,EWR,0,193,90,Newark,2:00 PM,3:30 PM
6/3/2024,YTZ,Toronto Island,EWR,0,193,90,Newark,7:25 PM,8:55 PM
6/3/2024,YTZ,Toronto Island,EWR,0,193,90,Newark,8:40 PM,10:10 PM
6/3/2024,YTZ,Toronto Island,EWR,0,193,90,Newark,12:50 PM,2:20 PM
6/3/2024,YTZ,Toronto Island,EWR,0,193,90,Newark,11:00 AM,12:30 PM
6/3/2024,YTZ,Toronto Island,EWR,0,193,90,Newark,6:45 AM,8:15 AM
6/3/2024,YTZ,Toronto Island,EWR,0,193,90,Newark,3:00 PM,4:30 PM
6/3/2024,YTZ,Toronto Island,EWR,0,193,90,Newark,7:55 AM,9:25 AM
6/3/2024,YYZ,Pearson Intl,LGA,0,197,91,LaGuardia,8:55 PM,10:26 PM
6/3/2024,YYZ,Pearson Intl,LGA,0,197,91,LaGuardia,5:15 PM,6:46 PM
6/3/2024,YYZ,Pearson Intl,LGA,0,197,91,LaGuardia,6:10 PM,7:41 PM
6/4/2024,YYZ,Pearson Intl,JFK,0,135,120,John F Kennedy Intl,7:45 AM,9:45 AM
6/4/2024,YTZ,Toronto Island,EWR,0,177,90,Newark,5:10 PM,6:40 PM
6/4/2024,YTZ,Toronto Island,EWR,0,177,90,Newark,7:25 PM,8:55 PM
6/4/2024,YTZ,Toronto Island,EWR,0,177,90,Newark,6:45 AM,8:15 AM
6/4/2024,YTZ,Toronto Island,EWR,0,177,90,Newark,8:40 PM,10:10 PM
6/4/2024,YTZ,Toronto Island,EWR,0,177,90,Newark,11:00 AM,12:30 PM
6/4/2024,YTZ,Toronto Island,EWR,0,177,90,Newark,12:50 PM,2:20 PM
6/4/2024,YTZ,Toronto Island,EWR,0,177,90,Newark,2:00 PM,3:30 PM
6/4/2024,YTZ,Toronto Island,EWR,0,177,90,Newark,3:00 PM,4:30 PM
6/4/2024,YTZ,Toronto Island,EWR,0,177,90,Newark,10:00 AM,11:30 AM
6/4/2024,YTZ,Toronto Island,EWR,0,177,90,Newark,7:55 AM,9:25 AM
6/4/2024,YTZ,Toronto Island,EWR,1,184,240,Newark,9:30 AM,1:30 PM
6/4/2024,YTZ,Toronto Island,EWR,1,184,360,Newark,11:40 AM,5:40 PM
6/4/2024,YTZ,Toronto Island,EWR,1,184,370,Newark,7:20 AM,1:30 PM
6/5/2024,YYZ,Pearson Intl,JFK,0,154,120,John F Kennedy Intl,7:45 AM,9:45 AM
6/5/2024,YTZ,Toronto Island,EWR,0,177,90,Newark,11:00 AM,12:30 PM
6/5/2024,YTZ,Toronto Island,EWR,0,177,90,Newark,3:00 PM,4:30 PM
6/5/2024,YTZ,Toronto Island,EWR,0,177,90,Newark,7:25 PM,8:55 PM
6/5/2024,YTZ,Toronto Island,EWR,0,177,90,Newark,8:40 PM,10:10 PM
6/5/2024,YTZ,Toronto Island,EWR,0,177,90,Newark,12:50 PM,2:20 PM
6/5/2024,YTZ,Toronto Island,EWR,0,177,90,Newark,5:10 PM,6:40 PM
6/5/2024,YTZ,Toronto Island,EWR,0,177,90,Newark,10:00 AM,11:30 AM
6/5/2024,YTZ,Toronto Island,EWR,0,177,90,Newark,7:55 AM,9:25 AM
6/5/2024,YTZ,Toronto Island,EWR,0,177,90,Newark,6:45 AM,8:15 AM
6/5/2024,YTZ,Toronto Island,EWR,0,177,90,Newark,2:00 PM,3:30 PM
6/5/2024,YTZ,Toronto Island,EWR,1,184,240,Newark,9:30 AM,1:30 PM
6/5/2024,YTZ,Toronto Island,EWR,1,184,360,Newark,11:40 AM,5:40 PM
6/5/2024,YTZ,Toronto Island,EWR,1,184,370,Newark,7:20 AM,1:30 PM
6/6/2024,YYZ,Pearson Intl,JFK,0,174,120,John F Kennedy Intl,7:45 AM,9:45 AM
6/6/2024,YTZ,Toronto Island,EWR,0,193,90,Newark,3:00 PM,4:30 PM
6/6/2024,YTZ,Toronto Island,EWR,0,193,90,Newark,2:00 PM,3:30 PM
6/6/2024,YTZ,Toronto Island,EWR,0,193,90,Newark,12:50 PM,2:20 PM
6/6/2024,YTZ,Toronto Island,EWR,0,193,90,Newark,6:45 AM,8:15 AM
6/6/2024,YTZ,Toronto Island,EWR,0,193,90,Newark,5:10 PM,6:40 PM
6/6/2024,YTZ,Toronto Island,EWR,0,193,90,Newark,8:40 PM,10:10 PM
6/6/2024,YTZ,Toronto Island,EWR,0,193,90,Newark,7:55 AM,9:25 AM
6/6/2024,YYZ,Pearson Intl,LGA,0,197,91,LaGuardia,8:55 PM,10:26 PM
6/6/2024,YYZ,Pearson Intl,LGA,0,197,91,LaGuardia,2:15 PM,3:46 PM
6/6/2024,YYZ,Pearson Intl,LGA,0,197,91,LaGuardia,5:15 PM,6:46 PM
6/6/2024,YYZ,Pearson Intl,LGA,0,197,91,LaGuardia,6:10 PM,7:41 PM
6/6/2024,YYZ,Pearson Intl,LGA,0,197,95,LaGuardia,7:05 AM,8:40 AM
6/6/2024,YTZ,Toronto Island,EWR,1,199,240,Newark,9:30 AM,1:30 PM
6/7/2024,YTZ,Toronto Island,EWR,0,193,90,Newark,2:00 PM,3:30 PM
6/7/2024,YTZ,Toronto Island,EWR,0,193,90,Newark,3:00 PM,4:30 PM
6/7/2024,YTZ,Toronto Island,EWR,0,193,90,Newark,7:25 PM,8:55 PM
6/7/2024,YTZ,Toronto Island,EWR,0,193,90,Newark,6:45 AM,8:15 AM
6/7/2024,YTZ,Toronto Island,EWR,0,193,90,Newark,5:10 PM,6:40 PM
6/7/2024,YTZ,Toronto Island,EWR,0,193,90,Newark,12:50 PM,2:20 PM
6/7/2024,YTZ,Toronto Island,EWR,0,193,90,Newark,8:40 PM,10:10 PM
6/7/2024,YYZ,Pearson Intl,JFK,0,195,120,John F Kennedy Intl,7:45 AM,9:45 AM
6/7/2024,YYZ,Pearson Intl,LGA,0,197,91,LaGuardia,8:55 PM,10:26 PM
6/7/2024,YYZ,Pearson Intl,LGA,0,197,91,LaGuardia,5:15 PM,6:46 PM
6/7/2024,YYZ,Pearson Intl,LGA,0,197,91,LaGuardia,6:10 PM,7:41 PM
6/7/2024,YTZ,Toronto Island,EWR,1,199,240,Newark,9:30 AM,1:30 PM
6/7/2024,YTZ,Toronto Island,EWR,1,199,360,Newark,11:40 AM,5:40 PM
6/7/2024,YTZ,Toronto Island,EWR,1,199,370,Newark,7:20 AM,1:30 PM
6/8/2024,YYZ,Pearson Intl,JFK,0,155,120,John F Kennedy Intl,7:45 AM,9:45 AM
6/8/2024,YTZ,Toronto Island,EWR,0,193,90,Newark,12:00 PM,1:30 PM
6/8/2024,YTZ,Toronto Island,EWR,0,193,90,Newark,11:00 AM,12:30 PM
6/8/2024,YTZ,Toronto Island,EWR,0,193,90,Newark,5:10 PM,6:40 PM
6/8/2024,YTZ,Toronto Island,EWR,0,193,90,Newark,2:00 PM,3:30 PM
6/8/2024,YYZ,Pearson Intl,LGA,0,197,91,LaGuardia,6:10 PM,7:41 PM
6/8/2024,YYZ,Pearson Intl,LGA,0,197,91,LaGuardia,8:55 PM,10:26 PM
6/8/2024,YYZ,Pearson Intl,LGA,0,197,91,LaGuardia,7:15 PM,8:46 PM
6/8/2024,YYZ,Pearson Intl,LGA,0,197,91,LaGuardia,5:15 PM,6:46 PM
6/8/2024,YYZ,Pearson Intl,LGA,0,197,91,LaGuardia,6:15 AM,7:46 AM
6/8/2024,YYZ,Pearson Intl,LGA,0,197,91,LaGuardia,6:15 AM,7:46 AM
6/8/2024,YYZ,Pearson Intl,LGA,0,197,95,LaGuardia,7:24 PM,8:59 PM
6/8/2024,YYZ,Pearson Intl,LGA,0,197,95,LaGuardia,12:45 PM,2:20 PM
6/8/2024,YYZ,Pearson Intl,LGA,0,197,95,LaGuardia,10:55 AM,12:30 PM
6/9/2024,YYZ,Pearson Intl,JFK,0,155,120,John F Kennedy Intl,7:45 AM,9:45 AM
6/9/2024,YTZ,Toronto Island,EWR,0,193,90,Newark,4:10 PM,5:40 PM
6/9/2024,YTZ,Toronto Island,EWR,0,193,90,Newark,8:50 AM,10:20 AM
6/9/2024,YTZ,Toronto Island,EWR,0,193,90,Newark,7:25 PM,8:55 PM
6/9/2024,YTZ,Toronto Island,EWR,0,193,90,Newark,12:50 PM,2:20 PM
6/9/2024,YTZ,Toronto Island,EWR,0,193,90,Newark,10:00 AM,11:30 AM
6/9/2024,YTZ,Toronto Island,EWR,0,193,90,Newark,2:00 PM,3:30 PM
6/9/2024,YTZ,Toronto Island,EWR,0,193,90,Newark,3:00 PM,4:30 PM
6/9/2024,YTZ,Toronto Island,EWR,0,193,90,Newark,11:00 AM,12:30 PM
6/9/2024,YTZ,Toronto Island,EWR,0,193,90,Newark,9:40 PM,11:10 PM
6/9/2024,YTZ,Toronto Island,EWR,1,199,250,Newark,3:40 PM,7:50 PM
6/9/2024,YTZ,Toronto Island,EWR,1,199,270,Newark,9:00 AM,1:30 PM
6/9/2024,YTZ,Toronto Island,EWR,1,199,365,Newark,1:45 PM,7:50 PM
6/9/2024,YYZ,Pearson Intl,EWR,1,206,390,Newark,7:00 AM,1:30 PM
6/10/2024,YYZ,Pearson Intl,JFK,0,155,120,John F Kennedy Intl,7:45 AM,9:45 AM
6/10/2024,YTZ,Toronto Island,EWR,0,193,90,Newark,6:45 AM,8:15 AM
6/10/2024,YTZ,Toronto Island,EWR,0,193,90,Newark,11:00 AM,12:30 PM
6/10/2024,YTZ,Toronto Island,EWR,0,193,90,Newark,10:00 AM,11:30 AM
6/10/2024,YTZ,Toronto Island,EWR,0,193,90,Newark,12:50 PM,2:20 PM
6/10/2024,YTZ,Toronto Island,EWR,0,193,90,Newark,5:10 PM,6:40 PM
6/10/2024,YTZ,Toronto Island,EWR,0,193,90,Newark,7:25 PM,8:55 PM
6/10/2024,YTZ,Toronto Island,EWR,0,193,90,Newark,8:40 PM,10:10 PM
6/10/2024,YTZ,Toronto Island,EWR,0,193,90,Newark,2:00 PM,3:30 PM
6/10/2024,YTZ,Toronto Island,EWR,0,193,90,Newark,3:00 PM,4:30 PM
6/10/2024,YTZ,Toronto Island,EWR,0,193,90,Newark,7:55 AM,9:25 AM
6/10/2024,YYZ,Pearson Intl,LGA,0,197,91,LaGuardia,5:15 PM,6:46 PM
6/10/2024,YYZ,Pearson Intl,LGA,0,197,91,LaGuardia,8:55 PM,10:26 PM
6/10/2024,YYZ,Pearson Intl,LGA,0,197,91,LaGuardia,2:15 PM,3:46 PM
6/11/2024,YYZ,Pearson Intl,JFK,0,135,120,John F Kennedy Intl,7:45 AM,9:45 AM
6/11/2024,YTZ,Toronto Island,EWR,0,177,90,Newark,7:25 PM,8:55 PM
6/11/2024,YTZ,Toronto Island,EWR,0,177,90,Newark,8:40 PM,10:10 PM
6/11/2024,YTZ,Toronto Island,EWR,0,177,90,Newark,11:00 AM,12:30 PM
6/11/2024,YTZ,Toronto Island,EWR,0,177,90,Newark,2:00 PM,3:30 PM
6/11/2024,YTZ,Toronto Island,EWR,0,177,90,Newark,3:00 PM,4:30 PM
6/11/2024,YTZ,Toronto Island,EWR,0,177,90,Newark,5:10 PM,6:40 PM
6/11/2024,YTZ,Toronto Island,EWR,0,177,90,Newark,12:50 PM,2:20 PM
6/11/2024,YTZ,Toronto Island,EWR,0,177,90,Newark,6:45 AM,8:15 AM
6/11/2024,YTZ,Toronto Island,EWR,0,177,90,Newark,10:00 AM,11:30 AM
6/11/2024,YTZ,Toronto Island,EWR,0,177,90,Newark,7:55 AM,9:25 AM
6/11/2024,YTZ,Toronto Island,EWR,1,184,240,Newark,9:30 AM,1:30 PM
6/11/2024,YTZ,Toronto Island,EWR,1,184,360,Newark,11:40 AM,5:40 PM
6/11/2024,YTZ,Toronto Island,EWR,1,184,370,Newark,7:20 AM,1:30 PM
6/11/2024,YYZ,Pearson Intl,EWR,1,190,390,Newark,7:00 AM,1:30 PM
6/11/2024,YTZ,Toronto Island,EWR,0,191,90,Newark,8:50 AM,10:20 AM
6/11/2024,YYZ,Pearson Intl,LGA,0,197,91,LaGuardia,6:10 PM,7:41 PM
6/11/2024,YYZ,Pearson Intl,LGA,0,197,91,LaGuardia,8:55 PM,10:26 PM
6/11/2024,YYZ,Pearson Intl,LGA,0,197,91,LaGuardia,6:15 AM,7:46 AM
6/11/2024,YYZ,Pearson Intl,LGA,0,197,91,LaGuardia,5:15 PM,6:46 PM
6/11/2024,YYZ,Pearson Intl,LGA,0,197,91,LaGuardia,8:55 PM,10:26 PM
6/11/2024,YYZ,Pearson Intl,LGA,0,197,91,LaGuardia,6:10 PM,7:41 PM
6/11/2024,YYZ,Pearson Intl,LGA,0,197,91,LaGuardia,5:15 PM,6:46 PM
6/11/2024,YYZ,Pearson Intl,LGA,0,197,95,LaGuardia,3:15 PM,4:50 PM
6/11/2024,YYZ,Pearson Intl,LGA,0,197,95,LaGuardia,7:05 AM,8:40 AM
6/11/2024,YYZ,Pearson Intl,LGA,0,197,95,LaGuardia,12:45 PM,2:20 PM
6/11/2024,YYZ,Pearson Intl,LGA,0,197,97,LaGuardia,7:59 AM,9:36 AM
6/11/2024,YYZ,Pearson Intl,LGA,0,197,101,LaGuardia,5:00 PM,6:41 PM
6/11/2024,YYZ,Pearson Intl,JFK,0,197,105,John F Kennedy Intl,7:15 AM,9:00 AM
6/12/2024,YTO,Union Station,NYC,,121,120,Port Authority,9:00 PM,7:55 am+1
6/12/2024,YYZ,Pearson Intl,JFK,,135,90,John F Kennedy Intl,7:45 AM,9:45 AM
6/12/2024,YTZ,Toronto Island,EWR,0,177,90,Newark,5:10 PM,6:40 PM
6/12/2024,YTZ,Toronto Island,EWR,0,177,90,Newark,2:00 PM,3:30 PM
6/12/2024,YTZ,Toronto Island,EWR,0,177,90,Newark,10:00 AM,11:30 AM
6/12/2024,YTZ,Toronto Island,EWR,0,177,90,Newark,6:45 AM,8:15 AM
6/12/2024,YTZ,Toronto Island,EWR,0,177,90,Newark,12:50 PM,2:20 PM
6/12/2024,YTZ,Toronto Island,EWR,0,177,90,Newark,11:00 AM,12:30 PM
6/12/2024,YTZ,Toronto Island,EWR,0,177,90,Newark,8:40 PM,10:10 PM
6/12/2024,YTZ,Toronto Island,EWR,0,177,90,Newark,3:00 PM,4:30 PM
6/12/2024,YTZ,Toronto Island,EWR,0,177,90,Newark,7:25 PM,8:55 PM
6/12/2024,YTZ,Toronto Island,EWR,0,177,240,Newark,7:55 AM,9:25 AM
6/12/2024,YTZ,Toronto Island,EWR,0,184,360,Newark,9:30 AM,1:30 PM
